title|year|best movie|awards|nominations|linkMovie
||False|||None
CODA|2021|True|3|"3
"|/wiki/CODA_(2021_film)
Dune|2021|False|6|"10
"|/wiki/Dune_(2021_film)
 The Eyes of Tammy Faye|2021|False|2|"2
"|/wiki/The_Eyes_of_Tammy_Faye_(2021_film)
No Time to Die|2021|False|1|"3
"|/wiki/No_Time_to_Die
The Windshield Wiper|2021|False|1|"1
"|/wiki/The_Windshield_Wiper
 The Long Goodbye|2021|False|1|"1
"|/wiki/The_Long_Goodbye_(Riz_Ahmed_album)
The Queen of Basketball|2021|False|1|"1
"|/wiki/The_Queen_of_Basketball
Summer of Soul|2021|False|1|"1
"|/wiki/Summer_of_Soul
 Drive My Car|2021|False|1|"4
"|/wiki/Drive_My_Car_(film)
Encanto|2021|False|1|"3
"|/wiki/Encanto
 West Side Story|2021|False|1|"7
"|/wiki/West_Side_Story_(2021_film)
 Belfast|2021|False|1|"7
"|/wiki/Belfast_(film)
 The Power of the Dog|2021|False|1|"12
"|/wiki/The_Power_of_the_Dog_(film)
 King Richard|2021|False|1|"6
"|/wiki/King_Richard_(film)
Cruella|2021|False|1|"2
"|/wiki/Cruella_(film)
Nomadland|2020|True|3|"6
"|/wiki/Nomadland_(film)
The Father|2020|False|2|"6
"|/wiki/The_Father_(2020_film)
Judas and the Black Messiah|2020|False|2|"6
"|/wiki/Judas_and_the_Black_Messiah
Minari|2020|False|1|"6
"|/wiki/Minari_(film)
Mank|2020|False|2|"10
"|/wiki/Mank
Sound of Metal|2020|False|2|"6
"|/wiki/Sound_of_Metal
Ma Rainey's Black Bottom|2020|False|2|"5
"|/wiki/Ma_Rainey%27s_Black_Bottom_(film)
Promising Young Woman|2020|False|1|"5
"|/wiki/Promising_Young_Woman
Tenet|2020|False|1|"2
"|/wiki/Tenet_(film)
Soul|2020|False|2|"3
"|/wiki/Soul_(2020_film)
Another Round|2020|False|1|"2
"|/wiki/Another_Round_(film)
My Octopus Teacher|2020|False|1|"1
"|/wiki/My_Octopus_Teacher
Colette|2020|False|1|"1
"|/wiki/Colette_(2020_film)
If Anything Happens I Love You|2020|False|1|"1
"|/wiki/If_Anything_Happens_I_Love_You
Two Distant Strangers|2020|False|1|"1
"|/wiki/Two_Distant_Strangers
Parasite|2019|True|4|"6
"|/wiki/Parasite_(2019_film)
Ford v Ferrari|2019|False|2|"4
"|/wiki/Ford_v_Ferrari
Learning to Skateboard in a Warzone (If You're a Girl)|2019|False|1|"1
"|/wiki/Learning_to_Skateboard_in_a_Warzone_(If_You%27re_a_Girl)
The Neighbors' Window|2019|False|1|"1
"|/wiki/The_Neighbors%27_Window
Little Women|2019|False|1|"6
"|/wiki/Little_Women_(2019_film)
Marriage Story|2019|False|1|"6
"|/wiki/Marriage_Story
Jojo Rabbit|2019|False|1|"6
"|/wiki/Jojo_Rabbit
Toy Story 4|2019|False|1|"2
"|/wiki/Toy_Story_4
Joker|2019|False|2|"11
"|/wiki/Joker_(2019_film)
Once Upon a Time in Hollywood|2019|False|2|"10
"|/wiki/Once_Upon_a_Time_in_Hollywood
1917|2019|False|3|"10
"|/wiki/1917_(2019_film)
Judy|2019|False|1|"2
"|/wiki/Judy_(film)
Bombshell|2019|False|1|"3
"|/wiki/Bombshell_(2019_film)
Rocketman|2019|False|1|"1
"|/wiki/Rocketman_(film)
American Factory|2019|False|1|"1
"|/wiki/American_Factory
Hair Love|2019|False|"1
"|"1
"|/wiki/Hair_Love
Green Book|2018|True|3|"5
"|/wiki/Green_Book_(film)
Bohemian Rhapsody|2018|False|4|"5
"|/wiki/Bohemian_Rhapsody_(film)
Roma|2018|False|3|"10
"|/wiki/Roma_(2018_film)
Black Panther|2018|False|3|"7
"|/wiki/Black_Panther_(film)
The Favourite|2018|False|1|"10
"|/wiki/The_Favourite
A Star Is Born|2018|False|1|"8
"|/wiki/A_Star_Is_Born_(2018_film)
Vice|2018|False|1|"8
"|/wiki/Vice_(2018_film)
BlacKkKlansman|2018|False|1|"6
"|/wiki/BlacKkKlansman
First Man|2018|False|1|"4
"|/wiki/First_Man_(film)
If Beale Street Could Talk|2018|False|1|"3
"|/wiki/If_Beale_Street_Could_Talk_(film)
Bao|2018|False|1|"1
"|/wiki/Bao_(film)
Free Solo|2018|False|1|"1
"|/wiki/Free_Solo
Period. End of Sentence.|2018|False|1|"1
"|/wiki/Period._End_of_Sentence.
Skin|2018|False|1|"1
"|/wiki/Skin_(2018_short_film)
Spider-Man: Into the Spider-Verse|2018|False|1|"1
"|/wiki/Spider-Man:_Into_the_Spider-Verse
The Shape of Water|2017|True|4|"13
"|/wiki/The_Shape_of_Water
Dunkirk|2017|False|3|"8
"|/wiki/Dunkirk_(2017_film)
Three Billboards Outside Ebbing, Missouri|2017|False|2|"7
"|/wiki/Three_Billboards_Outside_Ebbing,_Missouri
Darkest Hour|2017|False|2|"6
"|/wiki/Darkest_Hour_(film)
Blade Runner 2049|2017|False|2|"5
"|/wiki/Blade_Runner_2049
Coco|2017|False|2|"2
"|/wiki/Coco_(2017_film)
Phantom Thread|2017|False|1|"6
"|/wiki/Phantom_Thread
Call Me by Your Name|2017|False|1|"4
"|/wiki/Call_Me_by_Your_Name_(film)
Get Out|2017|False|1|"4
"|/wiki/Get_Out
I, Tonya|2017|False|1|"3
"|/wiki/I,_Tonya
Dear Basketball|2017|False|1|"1
"|/wiki/Dear_Basketball
A Fantastic Woman|2017|False|1|"1
"|/wiki/A_Fantastic_Woman
Heaven Is a Traffic Jam on the 405|2017|False|1|"1
"|/wiki/Heaven_Is_a_Traffic_Jam_on_the_405
Icarus|2017|False|1|"1
"|/wiki/Icarus_(2017_film)
The Silent Child|2017|False|1|"1
"|/wiki/The_Silent_Child
Flesh and Sand|2017|False|0 (1)|"0
"|/wiki/Flesh_and_Sand
Moonlight|2016|True|3|"8
"|/wiki/Moonlight_(2016_film)
La La Land|2016|False|6|"14
"|/wiki/La_La_Land_(film)
Hacksaw Ridge|2016|False|2|"6
"|/wiki/Hacksaw_Ridge
Manchester by the Sea|2016|False|2|"6
"|/wiki/Manchester_by_the_Sea_(film)
Arrival|2016|False|1|"8
"|/wiki/Arrival_(film)
Fences|2016|False|1|"4
"|/wiki/Fences_(film)
Fantastic Beasts and Where to Find Them|2016|False|1|"2
"|/wiki/Fantastic_Beasts_and_Where_to_Find_Them_(film)
The Jungle Book|2016|False|1|"1
"|/wiki/The_Jungle_Book_(2016_film)
O.J.: Made in America|2016|False|1|"1
"|/wiki/O.J.:_Made_in_America
Piper|2016|False|1|"1
"|/wiki/Piper_(film)
The Salesman|2016|False|1|"1
"|/wiki/The_Salesman_(2016_film)
Sing|2016|False|1|"1
"|/wiki/Sing_(2016_Hungarian_film)
Suicide Squad|2016|False|1|"1
"|/wiki/Suicide_Squad_(film)
The White Helmets|2016|False|1|"1
"|/wiki/The_White_Helmets_(film)
Zootopia|2016|False|1|"1
"|/wiki/Zootopia
Spotlight|2015|True|2|"6
"|/wiki/Spotlight_(film)
Mad Max: Fury Road|2015|False|6|"10
"|/wiki/Mad_Max:_Fury_Road
The Revenant|2015|False|3|"12
"|/wiki/The_Revenant_(2015_film)
Bridge of Spies|2015|False|1|"6
"|/wiki/Bridge_of_Spies_(film)
The Big Short|2015|False|1|"5
"|/wiki/The_Big_Short_(film)
The Danish Girl|2015|False|1|"4
"|/wiki/The_Danish_Girl_(film)
Room|2015|False|1|"4
"|/wiki/Room_(2015_film)
The Hateful Eight|2015|False|1|"3
"|/wiki/The_Hateful_Eight
Ex Machina|2015|False|1|"2
"|/wiki/Ex_Machina_(film)
Inside Out|2015|False|1|"2
"|/wiki/Inside_Out_(2015_film)
Amy|2015|False|1|"1
"|/wiki/Amy_(2015_film)
Bear Story|2015|False|1|"1
"|/wiki/Bear_Story
A Girl in the River: The Price of Forgiveness|2015|False|1|"1
"|/wiki/A_Girl_in_the_River:_The_Price_of_Forgiveness
Son of Saul|2015|False|1|"1
"|/wiki/Son_of_Saul
Spectre|2015|False|1|"1
"|/wiki/Spectre_(2015_film)
Stutterer|2015|False|1|"1
"|/wiki/Stutterer_(film)
Birdman or (The Unexpected Virtue of Ignorance)|2014|True|4|"9
"|/wiki/Birdman_(film)
The Grand Budapest Hotel|2014|False|4|"9
"|/wiki/The_Grand_Budapest_Hotel
Whiplash|2014|False|3|"5
"|/wiki/Whiplash_(2014_film)
The Imitation Game|2014|False|1|"8
"|/wiki/The_Imitation_Game
American Sniper|2014|False|1|"6
"|/wiki/American_Sniper
Boyhood|2014|False|1|"6
"|/wiki/Boyhood_(2014_film)
Interstellar|2014|False|1|"5
"|/wiki/Interstellar_(film)
The Theory of Everything|2014|False|1|"5
"|/wiki/The_Theory_of_Everything_(2014_film)
Ida|2014|False|1|"2
"|/wiki/Ida_(film)
Selma|2014|False|1|"2
"|/wiki/Selma_(film)
Citizenfour|2014|False|1|"1
"|/wiki/Citizenfour
Big Hero 6|2014|False|1|"1
"|/wiki/Big_Hero_6_(film)
Crisis Hotline: Veterans Press 1|2014|False|1|"1
"|/wiki/Crisis_Hotline:_Veterans_Press_1
The Phone Call|2014|False|1|"1
"|/wiki/The_Phone_Call_(2013_film)
Still Alice|2014|False|1|"1
"|/wiki/Still_Alice
Feast|2014|False|1|"1
"|/wiki/Feast_(2014_film)
12 Years a Slave|2013|True|3|"9
"|/wiki/12_Years_a_Slave_(film)
Gravity|2013|False|7|"10
"|/wiki/Gravity_(2013_film)
Dallas Buyers Club|2013|False|3|"6
"|/wiki/Dallas_Buyers_Club
Frozen|2013|False|2|"2
"|/wiki/Frozen_(2013_film)
The Great Gatsby|2013|False|2|"2
"|/wiki/The_Great_Gatsby_(2013_film)
Her|2013|False|1|"5
"|/wiki/Her_(film)
Blue Jasmine|2013|False|1|"3
"|/wiki/Blue_Jasmine
Mr Hublot|2013|False|1|"1
"|/wiki/Mr_Hublot
The Lady in Number 6|2013|False|1|"1
"|/wiki/The_Lady_in_Number_6
Helium|2013|False|1|"1
"|/wiki/Helium_(film)
The Great Beauty|2013|False|1|"1
"|/wiki/The_Great_Beauty
20 Feet from Stardom|2013|False|1|"1
"|/wiki/20_Feet_from_Stardom
Argo|2012|True|3|"7
"|/wiki/Argo_(2012_film)
Life of Pi|2012|False|4|"11
"|/wiki/Life_of_Pi_(film)
Les Misérables|2012|False|3|"8
"|/wiki/Les_Mis%C3%A9rables_(2012_film)
Lincoln|2012|False|2|"12
"|/wiki/Lincoln_(film)
Django Unchained|2012|False|2|"5
"|/wiki/Django_Unchained
Skyfall|2012|False|2|"5
"|/wiki/Skyfall
Silver Linings Playbook|2012|False|1|"8
"|/wiki/Silver_Linings_Playbook
Zero Dark Thirty|2012|False|1|"5
"|/wiki/Zero_Dark_Thirty
Amour|2012|False|1|"5
"|/wiki/Amour_(2012_film)
Anna Karenina|2012|False|1|"4
"|/wiki/Anna_Karenina_(2012_film)
Paperman|2012|False|1|"1
"|/wiki/Paperman
Brave|2012|False|1|"1
"|/wiki/Brave_(2012_film)
Searching for Sugar Man|2012|False|1|"1
"|/wiki/Searching_for_Sugar_Man
Inocente|2012|False|1|"1
"|/wiki/Inocente
Curfew|2012|False|1|"1
"|/wiki/Curfew_(2012_film)
The Artist|2011|True|5|"10
"|/wiki/The_Artist_(film)
Hugo|2011|False|5|"11
"|/wiki/Hugo_(film)
The Iron Lady|2011|False|2|"2
"|/wiki/The_Iron_Lady_(film)
The Descendants|2011|False|1|"5
"|/wiki/The_Descendants
The Girl with the Dragon Tattoo|2011|False|1|"5
"|/wiki/The_Girl_with_the_Dragon_Tattoo_(2011_film)
Midnight in Paris|2011|False|1|"4
"|/wiki/Midnight_in_Paris
The Help|2011|False|1|"4
"|/wiki/The_Help_(film)
A Separation|2011|False|1|"2
"|/wiki/A_Separation
The Fantastic Flying Books of Mr. Morris Lessmore|2011|False|1|"1
"|/wiki/The_Fantastic_Flying_Books_of_Mr._Morris_Lessmore
The Shore|2011|False|1|"1
"|/wiki/The_Shore_(2011_film)
Undefeated|2011|False|1|"1
"|/wiki/Undefeated_(2011_film)
The Muppets|2011|False|1|"1
"|/wiki/The_Muppets_(film)
Saving Face|2011|False|1|"1
"|/wiki/Saving_Face_(2012_film)
Beginners|2011|False|1|"1
"|/wiki/Beginners
Rango|2011|False|1|"1
"|/wiki/Rango_(2011_film)
The King's Speech|2010|True|4|"12
"|/wiki/The_King%27s_Speech
Inception|2010|False|4|"8
"|/wiki/Inception
The Social Network|2010|False|3|"8
"|/wiki/The_Social_Network
The Fighter|2010|False|2|"7
"|/wiki/The_Fighter
Toy Story 3|2010|False|2|"5
"|/wiki/Toy_Story_3
Alice in Wonderland|2010|False|2|"3
"|/wiki/Alice_in_Wonderland_(2010_film)
Black Swan|2010|False|1|"5
"|/wiki/Black_Swan_(film)
In a Better World|2010|False|1|"1
"|/wiki/In_a_Better_World
The Lost Thing|2010|False|1|"1
"|/wiki/The_Lost_Thing
God of Love|2010|False|1|"1
"|/wiki/God_of_Love_(film)
The Wolfman|2010|False|1|"1
"|/wiki/The_Wolfman_(2010_film)
Strangers No More|2010|False|1|"1
"|/wiki/Strangers_No_More
Inside Job|2010|False|1|"1
"|/wiki/Inside_Job_(2010_film)
The Hurt Locker|2009|True|6|"9
"|/wiki/The_Hurt_Locker
Avatar|2009|False|3|"9
"|/wiki/Avatar_(2009_film)
Precious|2009|False|2|"6
"|/wiki/Precious_(film)
Up|2009|False|2|"5
"|/wiki/Up_(2009_film)
Crazy Heart|2009|False|2|"3
"|/wiki/Crazy_Heart
Inglourious Basterds|2009|False|1|"8
"|/wiki/Inglourious_Basterds
Star Trek|2009|False|1|"4
"|/wiki/Star_Trek_(film)
The Young Victoria|2009|False|1|"3
"|/wiki/The_Young_Victoria
The Blind Side|2009|False|1|"2
"|/wiki/The_Blind_Side_(film)
Music by Prudence|2009|False|1|"1
"|/wiki/Music_by_Prudence
The Secret in Their Eyes|2009|False|1|"1
"|/wiki/The_Secret_in_Their_Eyes
The Cove|2009|False|1|"1
"|/wiki/The_Cove_(film)
The New Tenants|2009|False|1|"1
"|/wiki/The_New_Tenants
Logorama|2009|False|1|"1
"|/wiki/Logorama
Slumdog Millionaire|2008|True|8|"10
"|/wiki/Slumdog_Millionaire
The Curious Case of Benjamin Button|2008|False|3|"13
"|/wiki/The_Curious_Case_of_Benjamin_Button_(film)
Milk|2008|False|2|"8
"|/wiki/Milk_(2008_American_film)
The Dark Knight|2008|False|2|"8
"|/wiki/The_Dark_Knight_(film)
WALL-E|2008|False|1|"6
"|/wiki/WALL-E
The Reader|2008|False|1|"5
"|/wiki/The_Reader_(2008_film)
The Duchess|2008|False|1|"2
"|/wiki/The_Duchess_(film)
Departures|2008|False|1|"1
"|/wiki/Departures_(2008_film)
Vicky Cristina Barcelona|2008|False|1|"1
"|/wiki/Vicky_Cristina_Barcelona
Smile Pinki|2008|False|1|"1
"|/wiki/Smile_Pinki
Man on Wire|2008|False|1|"1
"|/wiki/Man_on_Wire
Toyland|2008|False|1|"1
"|/wiki/Toyland_(film)
La Maison en Petits Cubes|2008|False|1|"1
"|/wiki/La_Maison_en_Petits_Cubes
No Country for Old Men|2007|True|4|"8
"|/wiki/No_Country_for_Old_Men_(film)
The Bourne Ultimatum|2007|False|3|"3
"|/wiki/The_Bourne_Ultimatum_(film)
There Will Be Blood|2007|False|2|"8
"|/wiki/There_Will_Be_Blood
La Vie en rose|2007|False|2|"3
"|/wiki/La_Vie_en_rose_(film)
Atonement|2007|False|1|"7
"|/wiki/Atonement_(2007_film)
Michael Clayton|2007|False|1|"7
"|/wiki/Michael_Clayton_(film)
Ratatouille|2007|False|1|"5
"|/wiki/Ratatouille_(film)
Juno|2007|False|1|"4
"|/wiki/Juno_(film)
Sweeney Todd: The Demon Barber of Fleet Street|2007|False|1|"3
"|/wiki/Sweeney_Todd:_The_Demon_Barber_of_Fleet_Street_(2007_film)
The Golden Compass|2007|False|1|"2
"|/wiki/The_Golden_Compass_(film)
Elizabeth: The Golden Age|2007|False|1|"2
"|/wiki/Elizabeth:_The_Golden_Age
Taxi to the Dark Side|2007|False|1|"1
"|/wiki/Taxi_to_the_Dark_Side
Peter & the Wolf|2007|False|1|"1
"|/wiki/Peter_%26_the_Wolf_(2006_film)
Once|2007|False|1|"1
"|/wiki/Once_(film)
Le Mozart des pickpockets|2007|False|1|"1
"|/wiki/Le_Mozart_des_pickpockets
The Counterfeiters|2007|False|1|"1
"|/wiki/The_Counterfeiters_(2007_film)
Freeheld|2007|False|1|"1
"|/wiki/Freeheld_(2007_film)
The Departed|2006|True|4|"5
"|/wiki/The_Departed
Pan's Labyrinth|2006|False|3|"6
"|/wiki/Pan%27s_Labyrinth
Dreamgirls|2006|False|2|"8
"|/wiki/Dreamgirls_(film)
Little Miss Sunshine|2006|False|2|"4
"|/wiki/Little_Miss_Sunshine
An Inconvenient Truth|2006|False|2|"2
"|/wiki/An_Inconvenient_Truth
Babel|2006|False|1|"7
"|/wiki/Babel_(film)
The Queen|2006|False|1|"6
"|/wiki/The_Queen_(2006_film)
Letters from Iwo Jima|2006|False|1|"4
"|/wiki/Letters_from_Iwo_Jima
Pirates of the Caribbean: Dead Man's Chest|2006|False|1|"4
"|/wiki/Pirates_of_the_Caribbean:_Dead_Man%27s_Chest
The Danish Poet|2006|False|1|"1
"|/wiki/The_Danish_Poet
Happy Feet|2006|False|1|"1
"|/wiki/Happy_Feet
The Last King of Scotland|2006|False|1|"1
"|/wiki/The_Last_King_of_Scotland_(film)
The Lives of Others|2006|False|1|"1
"|/wiki/The_Lives_of_Others
Marie Antoinette|2006|False|1|"1
"|/wiki/Marie_Antoinette_(2006_film)
West Bank Story|2006|False|1|"1
"|/wiki/West_Bank_Story
The Blood of Yingzhou District|2006|False|1|"1
"|/wiki/The_Blood_of_Yingzhou_District
Crash|2005|True|3|"6
"|/wiki/Crash_(2004_film)
Brokeback Mountain|2005|False|3|"8
"|/wiki/Brokeback_Mountain
Memoirs of a Geisha|2005|False|3|"6
"|/wiki/Memoirs_of_a_Geisha_(film)
King Kong|2005|False|3|"4
"|/wiki/King_Kong_(2005_film)
Capote|2005|False|1|"5
"|/wiki/Capote_(film)
Walk the Line|2005|False|1|"5
"|/wiki/Walk_the_Line
The Constant Gardener|2005|False|1|"4
"|/wiki/The_Constant_Gardener_(film)
The Chronicles of Narnia: The Lion, the Witch and the Wardrobe|2005|False|1|"3
"|/wiki/The_Chronicles_of_Narnia:_The_Lion,_the_Witch_and_the_Wardrobe
Hustle & Flow|2005|False|1|"2
"|/wiki/Hustle_%26_Flow
Syriana|2005|False|1|"2
"|/wiki/Syriana
March of the Penguins|2005|False|1|"1
"|/wiki/March_of_the_Penguins
Six Shooter|2005|False|1|"1
"|/wiki/Six_Shooter_(film)
The Moon and the Son: An Imagined Conversation|2005|False|1|"1
"|/wiki/The_Moon_and_the_Son:_An_Imagined_Conversation
A Note of Triumph: The Golden Age of Norman Corwin|2005|False|1|"1
"|/wiki/A_Note_of_Triumph:_The_Golden_Age_of_Norman_Corwin
Tsotsi|2005|False|1|"1
"|/wiki/Tsotsi
Wallace & Gromit: The Curse of the Were-Rabbit|2005|False|1|"1
"|/wiki/Wallace_%26_Gromit:_The_Curse_of_the_Were-Rabbit
Million Dollar Baby|2004|True|4|"7
"|/wiki/Million_Dollar_Baby
The Aviator|2004|False|5|"11
"|/wiki/The_Aviator_(2004_film)
Ray|2004|False|2|"6
"|/wiki/Ray_(film)
The Incredibles|2004|False|2|"4
"|/wiki/The_Incredibles
Finding Neverland|2004|False|1|"7
"|/wiki/Finding_Neverland_(film)
Sideways|2004|False|1|"5
"|/wiki/Sideways
Lemony Snicket's A Series of Unfortunate Events|2004|False|1|"4
"|/wiki/Lemony_Snicket%27s_A_Series_of_Unfortunate_Events
Spider-Man 2|2004|False|1|"3
"|/wiki/Spider-Man_2
Eternal Sunshine of the Spotless Mind|2004|False|1|"2
"|/wiki/Eternal_Sunshine_of_the_Spotless_Mind
The Motorcycle Diaries|2004|False|1|"2
"|/wiki/The_Motorcycle_Diaries_(film)
The Sea Inside|2004|False|1|"2
"|/wiki/The_Sea_Inside
Born into Brothels|2004|False|1|"1
"|/wiki/Born_into_Brothels
Mighty Times: The Children's March|2004|False|1|"1
"|/wiki/Mighty_Times:_The_Children%27s_March
Wasp|2004|False|1|"1
"|/wiki/Wasp_(2003_film)
Ryan|2004|False|1|"1
"|/wiki/Ryan_(film)
The Lord of the Rings: The Return of the King|2003|True|11|"11
"|/wiki/The_Lord_of_the_Rings:_The_Return_of_the_King
Master and Commander: The Far Side of the World|2003|False|2|"10
"|/wiki/Master_and_Commander:_The_Far_Side_of_the_World
Mystic River|2003|False|2|"6
"|/wiki/Mystic_River_(film)
Cold Mountain|2003|False|1|"7
"|/wiki/Cold_Mountain_(film)
Lost in Translation|2003|False|1|"4
"|/wiki/Lost_in_Translation_(film)
Finding Nemo|2003|False|1|"4
"|/wiki/Finding_Nemo
The Barbarian Invasions|2003|False|1|"2
"|/wiki/The_Barbarian_Invasions
Two Soldiers|2003|False|1|"1
"|/wiki/Two_Soldiers_(2003_film)
Monster|2003|False|1|"1
"|/wiki/Monster_(2003_film)
Harvie Krumpet|2003|False|1|"1
"|/wiki/Harvie_Krumpet
Chernobyl Heart|2003|False|1|"1
"|/wiki/Chernobyl_Heart
The Fog of War|2003|False|1|"1
"|/wiki/The_Fog_of_War
Chicago|2002|True|6|"13
"|/wiki/Chicago_(2002_film)
The Pianist|2002|False|3|"7
"|/wiki/The_Pianist_(2002_film)
The Lord of the Rings: The Two Towers|2002|False|2|"6
"|/wiki/The_Lord_of_the_Rings:_The_Two_Towers
Frida|2002|False|2|"6
"|/wiki/Frida
The Hours|2002|False|1|"9
"|/wiki/The_Hours_(film)
Road to Perdition|2002|False|1|"6
"|/wiki/Road_to_Perdition
Adaptation|2002|False|1|"4
"|/wiki/Adaptation_(film)
Talk to Her|2002|False|1|"2
"|/wiki/Talk_to_Her
This Charming Man|2002|False|1|"1
"|/wiki/This_Charming_Man_(film)
Spirited Away|2002|False|1|"1
"|/wiki/Spirited_Away
Nowhere in Africa|2002|False|1|"1
"|/wiki/Nowhere_in_Africa
The ChubbChubbs!|2002|False|1|"1
"|/wiki/The_ChubbChubbs!
Twin Towers|2002|False|1|"1
"|/wiki/Twin_Towers_(film)
Bowling for Columbine|2002|False|1|"1
"|/wiki/Bowling_for_Columbine
8 Mile|2002|False|1|"1
"|/wiki/8_Mile_(film)
A Beautiful Mind|2001|True|4|"8
"|/wiki/A_Beautiful_Mind_(film)
The Lord of the Rings: The Fellowship of the Ring|2001|False|4|"13
"|/wiki/The_Lord_of_the_Rings:_The_Fellowship_of_the_Ring
Moulin Rouge!|2001|False|2|"8
"|/wiki/Moulin_Rouge!
Black Hawk Down|2001|False|2|"4
"|/wiki/Black_Hawk_Down_(film)
Gosford Park|2001|False|1|"7
"|/wiki/Gosford_Park
Monsters, Inc.|2001|False|1|"4
"|/wiki/Monsters,_Inc.
Pearl Harbor|2001|False|1|"4
"|/wiki/Pearl_Harbor_(film)
Iris|2001|False|1|"3
"|/wiki/Iris_(2001_film)
Shrek|2001|False|1|"2
"|/wiki/Shrek
Training Day|2001|False|1|"2
"|/wiki/Training_Day
Monster's Ball|2001|False|1|"2
"|/wiki/Monster%27s_Ball
Thoth|2001|False|1|"1
"|/wiki/Thoth_(film)
For the Birds|2001|False|1|"1
"|/wiki/For_the_Birds_(film)
No Man's Land|2001|False|1|"1
"|/wiki/No_Man%27s_Land_(2001_film)
Murder on a Sunday Morning|2001|False|1|"1
"|/wiki/Murder_on_a_Sunday_Morning
The Accountant|2001|False|1|"1
"|/wiki/The_Accountant_(2001_film)
Gladiator|2000|True|5|"12
"|/wiki/Gladiator_(2000_film)
Crouching Tiger, Hidden Dragon|2000|False|4|"10
"|/wiki/Crouching_Tiger,_Hidden_Dragon
Traffic|2000|False|4|"5
"|/wiki/Traffic_(2000_film)
Erin Brockovich|2000|False|1|"5
"|/wiki/Erin_Brockovich_(film)
Almost Famous|2000|False|1|"4
"|/wiki/Almost_Famous
Wonder Boys|2000|False|1|"3
"|/wiki/Wonder_Boys_(film)
How the Grinch Stole Christmas|2000|False|1|"3
"|/wiki/How_the_Grinch_Stole_Christmas_(2000_film)
U-571|2000|False|1|"2
"|/wiki/U-571_(film)
Pollock|2000|False|1|"2
"|/wiki/Pollock_(film)
Father and Daughter|2000|False|1|"1
"|/wiki/Father_and_Daughter_(film)
Into the Arms of Strangers: Stories of the Kindertransport|2000|False|1|"1
"|/wiki/Into_the_Arms_of_Strangers:_Stories_of_the_Kindertransport
Quiero ser (I want to be...)|2000|False|1|"1
"|/wiki/Quiero_ser_(I_want_to_be...)
Big Mama|2000|False|1|"1
"|/wiki/Big_Mama_(film)
American Beauty|1999|True|5|"8
"|/wiki/American_Beauty_(1999_film)
The Matrix|1999|False|4|"4
"|/wiki/The_Matrix
The Cider House Rules|1999|False|2|"7
"|/wiki/The_Cider_House_Rules_(film)
Topsy-Turvy|1999|False|2|"4
"|/wiki/Topsy-Turvy
Sleepy Hollow|1999|False|1|"3
"|/wiki/Sleepy_Hollow_(film)
Boys Don't Cry|1999|False|1|"2
"|/wiki/Boys_Don%27t_Cry_(1999_film)
Tarzan|1999|False|1|"1
"|/wiki/Tarzan_(1999_film)
One Day in September|1999|False|1|"1
"|/wiki/One_Day_in_September
The Red Violin|1999|False|1|"1
"|/wiki/The_Red_Violin
The Old Man and the Sea|1999|False|1|"1
"|/wiki/The_Old_Man_and_the_Sea_(1999_film)
My Mother Dreams the Satan's Disciples in New York|1999|False|1|"1
"|/wiki/My_Mother_Dreams_the_Satan%27s_Disciples_in_New_York
King Gimp|1999|False|1|"1
"|/wiki/King_Gimp
Girl, Interrupted|1999|False|1|"1
"|/wiki/Girl,_Interrupted_(film)
All About My Mother|1999|False|1|"1
"|/wiki/All_About_My_Mother
Shakespeare in Love|1998|True|7|"13
"|/wiki/Shakespeare_in_Love
Saving Private Ryan|1998|False|5|"11
"|/wiki/Saving_Private_Ryan
Life Is Beautiful|1998|False|3|"7
"|/wiki/Life_Is_Beautiful
Elizabeth|1998|False|1|"7
"|/wiki/Elizabeth_(film)
Gods and Monsters|1998|False|1|"3
"|/wiki/Gods_and_Monsters_(film)
The Prince of Egypt|1998|False|1|"2
"|/wiki/The_Prince_of_Egypt
Affliction|1998|False|1|"2
"|/wiki/Affliction_(1997_film)
What Dreams May Come|1998|False|1|"2
"|/wiki/What_Dreams_May_Come_(film)
The Personals|1998|False|1|"1
"|/wiki/The_Personals:_Improvisations_on_Romance_in_the_Golden_Years
The Last Days|1998|False|1|"1
"|/wiki/The_Last_Days
Election Night|1998|False|1|"1
"|/wiki/Election_Night_(1998_film)
Bunny|1998|False|1|"1
"|/wiki/Bunny_(1998_film)
Titanic|1997|True|11|"14
"|/wiki/Titanic_(1997_film)
Good Will Hunting|1997|False|2|"9
"|/wiki/Good_Will_Hunting
L.A. Confidential|1997|False|2|"9
"|/wiki/L.A._Confidential_(film)
As Good as It Gets|1997|False|2|"7
"|/wiki/As_Good_as_It_Gets
The Full Monty|1997|False|1|"4
"|/wiki/The_Full_Monty
Men in Black|1997|False|1|"3
"|/wiki/Men_in_Black_(1997_film)
Visas and Virtue|1997|False|1|"1
"|/wiki/Visas_and_Virtue
Character|1997|False|1|"1
"|/wiki/Character_(film)
Geri's Game|1997|False|1|"1
"|/wiki/Geri%27s_Game
A Story of Healing|1997|False|1|"1
"|/wiki/A_Story_of_Healing
The Long Way Home|1997|False|1|"1
"|/wiki/The_Long_Way_Home_(1997_film)
The English Patient|1996|True|9|"12
"|/wiki/The_English_Patient_(film)
Fargo|1996|False|2|"7
"|/wiki/Fargo_(1996_film)
Shine|1996|False|1|"7
"|/wiki/Shine_(film)
Evita|1996|False|1|"5
"|/wiki/Evita_(1996_film)
Jerry Maguire|1996|False|1|"5
"|/wiki/Jerry_Maguire
Independence Day|1996|False|1|"2
"|/wiki/Independence_Day_(1996_film)
Emma|1996|False|1|"2
"|/wiki/Emma_(1996_theatrical_film)
Sling Blade|1996|False|1|"2
"|/wiki/Sling_Blade_(film)
The Ghost and the Darkness|1996|False|1|"1
"|/wiki/The_Ghost_and_the_Darkness
Kolya|1996|False|1|"1
"|/wiki/Kolya
The Nutty Professor|1996|False|1|"1
"|/wiki/The_Nutty_Professor_(1996_film)
Quest|1996|False|1|"1
"|/wiki/Quest_(1996_film)
When We Were Kings|1996|False|1|"1
"|/wiki/When_We_Were_Kings
Breathing Lessons: The Life and Work of Mark O'Brien|1996|False|1|"1
"|/wiki/Breathing_Lessons:_The_Life_and_Work_of_Mark_O%27Brien
Dear Diary|1996|False|1|"1
"|/wiki/Dear_Diary_(1996_film)
Braveheart|1995|True|5|"10
"|/wiki/Braveheart
Apollo 13|1995|False|2|"9
"|/wiki/Apollo_13_(film)
Pocahontas|1995|False|2|"2
"|/wiki/Pocahontas_(1995_film)
The Usual Suspects|1995|False|2|"2
"|/wiki/The_Usual_Suspects
Restoration|1995|False|2|"2
"|/wiki/Restoration_(1995_film)
Babe|1995|False|1|"7
"|/wiki/Babe_(film)
Sense and Sensibility|1995|False|1|"7
"|/wiki/Sense_and_Sensibility_(film)
Il Postino: The Postman|1995|False|1|"5
"|/wiki/Il_Postino:_The_Postman
Dead Man Walking|1995|False|1|"4
"|/wiki/Dead_Man_Walking_(film)
Leaving Las Vegas|1995|False|1|"4
"|/wiki/Leaving_Las_Vegas
Mighty Aphrodite|1995|False|1|"2
"|/wiki/Mighty_Aphrodite
Anne Frank Remembered|1995|False|1|"1
"|/wiki/Anne_Frank_Remembered
A Close Shave|1995|False|1|"1
"|/wiki/A_Close_Shave
Lieberman in Love|1995|False|1|"1
"|/wiki/Lieberman_in_Love
One Survivor Remembers|1995|False|1|"1
"|/wiki/One_Survivor_Remembers
Antonia's Line|1995|False|1|"1
"|/wiki/Antonia%27s_Line
Toy Story|1995|False|0 (1)|"3
"|/wiki/Toy_Story
Forrest Gump|1994|True|6|"13
"|/wiki/Forrest_Gump
The Lion King|1994|False|2|"4
"|/wiki/The_Lion_King
Speed|1994|False|2|"3
"|/wiki/Speed_(1994_film)
Ed Wood|1994|False|2|"2
"|/wiki/Ed_Wood_(film)
Pulp Fiction|1994|False|1|"7
"|/wiki/Pulp_Fiction
Bullets Over Broadway|1994|False|1|"7
"|/wiki/Bullets_Over_Broadway
The Madness of King George|1994|False|1|"4
"|/wiki/The_Madness_of_King_George
Legends of the Fall|1994|False|1|"3
"|/wiki/Legends_of_the_Fall
A Time for Justice|1994|False|1|"1
"|/wiki/A_Time_for_Justice
Franz Kafka's It's a Wonderful Life|1994|False|1|"1
"|/wiki/Franz_Kafka%27s_It%27s_a_Wonderful_Life
Maya Lin: A Strong Clear Vision|1994|False|1|"1
"|/wiki/Maya_Lin:_A_Strong_Clear_Vision
Burnt by the Sun|1994|False|1|"1
"|/wiki/Burnt_by_the_Sun
Trevor|1994|False|1|"1
"|/wiki/Trevor_(film)
The Adventures of Priscilla, Queen of the Desert|1994|False|1|"1
"|/wiki/The_Adventures_of_Priscilla,_Queen_of_the_Desert
Bob's Birthday|1994|False|1|"1
"|/wiki/Bob%27s_Birthday
Blue Sky|1994|False|1|"1
"|/wiki/Blue_Sky_(1994_film)
Schindler's List|1993|True|7|"12
"|/wiki/Schindler%27s_List
The Piano|1993|False|3|"8
"|/wiki/The_Piano
Jurassic Park|1993|False|3|"3
"|/wiki/Jurassic_Park_(film)
Philadelphia|1993|False|2|"5
"|/wiki/Philadelphia_(film)
The Fugitive|1993|False|1|"7
"|/wiki/The_Fugitive_(1993_film)
The Age of Innocence|1993|False|1|"5
"|/wiki/The_Age_of_Innocence_(1993_film)
The Wrong Trousers|1993|False|1|"1
"|/wiki/The_Wrong_Trousers
Belle Epoque|1993|False|1|"1
"|/wiki/Belle_Epoque_(film)
I Am a Promise: The Children of Stanton Elementary School|1993|False|1|"1
"|/wiki/I_Am_a_Promise:_The_Children_of_Stanton_Elementary_School
Mrs. Doubtfire|1993|False|1|"1
"|/wiki/Mrs._Doubtfire
Black Rider|1993|False|1|"1
"|/wiki/Schwarzfahrer
Defending Our Lives|1993|False|1|"1
"|/wiki/Defending_Our_Lives
Unforgiven|1992|True|4|"9
"|/wiki/Unforgiven
Howards End|1992|False|3|"9
"|/wiki/Howards_End_(film)
Bram Stoker's Dracula|1992|False|3|"4
"|/wiki/Bram_Stoker%27s_Dracula_(1992_film)
Aladdin|1992|False|2|"5
"|/wiki/Aladdin_(1992_Disney_film)
The Crying Game|1992|False|1|"6
"|/wiki/The_Crying_Game
Scent of a Woman|1992|False|1|"4
"|/wiki/Scent_of_a_Woman_(1992_film)
A River Runs Through It|1992|False|1|"3
"|/wiki/A_River_Runs_Through_It_(film)
Indochine|1992|False|1|"2
"|/wiki/Indochine_(film)
My Cousin Vinny|1992|False|1|"1
"|/wiki/My_Cousin_Vinny
The Panama Deception|1992|False|1|"1
"|/wiki/The_Panama_Deception
Educating Peter|1992|False|1|"1
"|/wiki/Educating_Peter
The Last of the Mohicans|1992|False|1|"1
"|/wiki/The_Last_of_the_Mohicans_(1992_film)
Death Becomes Her|1992|False|1|"1
"|/wiki/Death_Becomes_Her
Omnibus|1992|False|1|"1
"|/wiki/Omnibus_(film)
Mona Lisa Descending a Staircase|1992|False|1|"1
"|/wiki/Mona_Lisa_Descending_a_Staircase
The Silence of the Lambs|1991|True|5|"7
"|/wiki/The_Silence_of_the_Lambs_(film)
Terminator 2: Judgment Day|1991|False|4|"6
"|/wiki/Terminator_2:_Judgment_Day
Bugsy|1991|False|2|"10
"|/wiki/Bugsy
JFK|1991|False|2|"8
"|/wiki/JFK_(film)
Beauty and the Beast|1991|False|2|"6
"|/wiki/Beauty_and_the_Beast_(1991_film)
Thelma & Louise|1991|False|1|"6
"|/wiki/Thelma_%26_Louise
The Fisher King|1991|False|1|"5
"|/wiki/The_Fisher_King
In the Shadow of the Stars|1991|False|1|"1
"|/wiki/In_the_Shadow_of_the_Stars
Manipulation|1991|False|1|"1
"|/wiki/Manipulation_(film)
Mediterraneo|1991|False|1|"1
"|/wiki/Mediterraneo
Session Man|1991|False|1|"1
"|/wiki/Session_Man_(film)
City Slickers|1991|False|1|"1
"|/wiki/City_Slickers
Deadly Deception: General Electric, Nuclear Weapons and Our Environment|1991|False|1|"1
"|/wiki/Deadly_Deception:_General_Electric,_Nuclear_Weapons_and_Our_Environment
Dances with Wolves|1990|True|7|"12
"|/wiki/Dances_with_Wolves
Dick Tracy|1990|False|3|"7
"|/wiki/Dick_Tracy_(1990_film)
Ghost|1990|False|2|"5
"|/wiki/Ghost_(1990_film)
Goodfellas|1990|False|1|"6
"|/wiki/Goodfellas
The Hunt for Red October|1990|False|1|"3
"|/wiki/The_Hunt_for_Red_October_(film)
Reversal of Fortune|1990|False|1|"3
"|/wiki/Reversal_of_Fortune
Cyrano de Bergerac|1990|False|1|"5
"|/wiki/Cyrano_de_Bergerac_(1990_film)
American Dream|1990|False|1|"1
"|/wiki/American_Dream_(film)
Journey of Hope|1990|False|1|"1
"|/wiki/Journey_of_Hope_(film)
Days of Waiting|1990|False|1|"1
"|/wiki/Days_of_Waiting:_The_Life_%26_Art_of_Estelle_Ishigo
Creature Comforts|1990|False|1|"1
"|/wiki/Creature_Comforts
The Lunch Date|1990|False|1|"1
"|/wiki/The_Lunch_Date
Misery|1990|False|1|"1
"|/wiki/Misery_(film)
Total Recall|1990|False|0 (1)|"2
"|/wiki/Total_Recall_(1990_film)
Driving Miss Daisy|1989|True|4|"9
"|/wiki/Driving_Miss_Daisy
Glory|1989|False|3|"5
"|/wiki/Glory_(1989_film)
Born on the Fourth of July|1989|False|2|"8
"|/wiki/Born_on_the_Fourth_of_July_(film)
My Left Foot|1989|False|2|"5
"|/wiki/My_Left_Foot
The Little Mermaid|1989|False|2|"3
"|/wiki/The_Little_Mermaid_(1989_film)
Dead Poets Society|1989|False|1|"4
"|/wiki/Dead_Poets_Society
The Abyss|1989|False|1|"4
"|/wiki/The_Abyss
Indiana Jones and the Last Crusade|1989|False|1|"3
"|/wiki/Indiana_Jones_and_the_Last_Crusade
Henry V|1989|False|1|"3
"|/wiki/Henry_V_(1989_film)
The Johnstown Flood|1989|False|1|"1
"|/wiki/The_Johnstown_Flood_(1989_film)
Common Threads: Stories from the Quilt|1989|False|1|"1
"|/wiki/Common_Threads:_Stories_from_the_Quilt
Cinema Paradiso|1989|False|1|"1
"|/wiki/Cinema_Paradiso
Work Experience|1989|False|1|"1
"|/wiki/Work_Experience_(film)
Batman|1989|False|1|"1
"|/wiki/Batman_(1989_film)
Balance|1989|False|1|"1
"|/wiki/Balance_(1989_film)
Rain Man|1988|True|4|"8
"|/wiki/Rain_Man
Dangerous Liaisons|1988|False|3|"7
"|/wiki/Dangerous_Liaisons
Who Framed Roger Rabbit|1988|False|3 (1)|"6
"|/wiki/Who_Framed_Roger_Rabbit
Mississippi Burning|1988|False|1|"7
"|/wiki/Mississippi_Burning
Working Girl|1988|False|1|"6
"|/wiki/Working_Girl
The Accidental Tourist|1988|False|1|"4
"|/wiki/The_Accidental_Tourist_(film)
A Fish Called Wanda|1988|False|1|"3
"|/wiki/A_Fish_Called_Wanda
Pelle the Conqueror|1988|False|1|"2
"|/wiki/Pelle_the_Conqueror
The Accused|1988|False|1|"1
"|/wiki/The_Accused_(1988_film)
The Appointments of Dennis Jennings|1988|False|1|"1
"|/wiki/The_Appointments_of_Dennis_Jennings
Beetlejuice|1988|False|1|"1
"|/wiki/Beetlejuice
Bird|1988|False|1|"1
"|/wiki/Bird_(1988_film)
Hôtel Terminus: The Life and Times of Klaus Barbie|1988|False|1|"1
"|/wiki/H%C3%B4tel_Terminus:_The_Life_and_Times_of_Klaus_Barbie
The Milagro Beanfield War|1988|False|1|"1
"|/wiki/The_Milagro_Beanfield_War
Tin Toy|1988|False|1|"1
"|/wiki/Tin_Toy
You Don't Have to Die|1988|False|1|"1
"|/wiki/You_Don%27t_Have_to_Die
The Last Emperor|1987|True|9|"9
"|/wiki/The_Last_Emperor
Moonstruck|1987|False|3|"6
"|/wiki/Moonstruck
The Untouchables|1987|False|1|"4
"|/wiki/The_Untouchables_(film)
Babette's Feast|1987|False|1|"1
"|/wiki/Babette%27s_Feast
Dirty Dancing|1987|False|1|"1
"|/wiki/Dirty_Dancing
Harry and the Hendersons|1987|False|1|"1
"|/wiki/Harry_and_the_Hendersons
Innerspace|1987|False|1|"1
"|/wiki/Innerspace
The Man Who Planted Trees|1987|False|1|"1
"|/wiki/The_Man_Who_Planted_Trees_(film)
Ray's Male Heterosexual Dance Hall|1987|False|1|"1
"|/wiki/Ray%27s_Male_Heterosexual_Dance_Hall
The Ten-Year Lunch|1987|False|1|"1
"|/wiki/The_Ten-Year_Lunch
Wall Street|1987|False|1|"1
"|/wiki/Wall_Street_(1987_film)
Young at Heart|1987|False|1|"1
"|/wiki/Young_at_Heart_(1987_film)
RoboCop|1987|False|0 (1)|"2
"|/wiki/RoboCop
Platoon|1986|True|4|"8
"|/wiki/Platoon_(film)
A Room with a View|1986|False|3|"8
"|/wiki/A_Room_with_a_View_(1985_film)
Hannah and Her Sisters|1986|False|3|"7
"|/wiki/Hannah_and_Her_Sisters
Aliens|1986|False|2|"7
"|/wiki/Aliens_(film)
The Mission|1986|False|1|"7
"|/wiki/The_Mission_(1986_film)
Children of a Lesser God|1986|False|1|"5
"|/wiki/Children_of_a_Lesser_God_(film)
The Color of Money|1986|False|1|"4
"|/wiki/The_Color_of_Money
Top Gun|1986|False|1|"4
"|/wiki/Top_Gun
Round Midnight|1986|False|1|"2
"|/wiki/Round_Midnight_(film)
Artie Shaw: Time Is All You've Got|1986|False|1|"1
"|/wiki/Artie_Shaw:_Time_Is_All_You%27ve_Got
The Assault|1986|False|1|"1
"|/wiki/The_Assault_(1986_film)
Down and Out in America|1986|False|1|"1
"|/wiki/Down_and_Out_in_America
The Fly|1986|False|1|"1
"|/wiki/The_Fly_(1986_film)
A Greek Tragedy|1986|False|1|"1
"|/wiki/A_Greek_Tragedy
Precious Images|1986|False|1|"1
"|/wiki/Precious_Images
Women – for America, for the World|1986|False|1|"1
"|/wiki/Women_%E2%80%93_for_America,_for_the_World
Out of Africa|1985|True|7|"11
"|/wiki/Out_of_Africa_(film)
Witness|1985|False|2|"8
"|/wiki/Witness_(1985_film)
Cocoon|1985|False|2|"2
"|/wiki/Cocoon_(film)
Prizzi's Honor|1985|False|1|"8
"|/wiki/Prizzi%27s_Honor
Back to the Future|1985|False|1|"4
"|/wiki/Back_to_the_Future
Kiss of the Spider Woman|1985|False|1|"4
"|/wiki/Kiss_of_the_Spider_Woman_(film)
Ran|1985|False|1|"4
"|/wiki/Ran_(film)
The Official Story|1985|False|1|"2
"|/wiki/The_Official_Story
The Trip to Bountiful|1985|False|1|"2
"|/wiki/The_Trip_to_Bountiful
White Nights|1985|False|1|"2
"|/wiki/White_Nights_(1985_film)
Anna & Bella|1985|False|1|"1
"|/wiki/Anna_%26_Bella
Broken Rainbow|1985|False|1|"1
"|/wiki/Broken_Rainbow_(film)
Mask|1985|False|1|"1
"|/wiki/Mask_(1985_film)
Molly's Pilgrim|1985|False|1|"1
"|/wiki/Molly%27s_Pilgrim
Witness to War: Dr. Charlie Clements|1985|False|1|"1
"|/wiki/Witness_to_War:_Dr._Charlie_Clements
Amadeus|1984|True|8|"11
"|/wiki/Amadeus_(film)
The Killing Fields|1984|False|3|"7
"|/wiki/The_Killing_Fields_(film)
A Passage to India|1984|False|2|"11
"|/wiki/A_Passage_to_India_(film)
Places in the Heart|1984|False|2|"7
"|/wiki/Places_in_the_Heart
Indiana Jones and the Temple of Doom|1984|False|1|"2
"|/wiki/Indiana_Jones_and_the_Temple_of_Doom
Charade|1984|False|1|"1
"|/wiki/Charade_(1984_film)
Dangerous Moves|1984|False|1|"1
"|/wiki/Dangerous_Moves
Purple Rain|1984|False|1|"1
"|/wiki/Purple_Rain_(film)
The Stone Carvers|1984|False|1|"1
"|/wiki/The_Stone_Carvers_(film)
The Times of Harvey Milk|1984|False|1|"1
"|/wiki/The_Times_of_Harvey_Milk
Up|1984|False|1|"1
"|/wiki/Up_(1984_film)
The Woman in Red|1984|False|1|"1
"|/wiki/The_Woman_in_Red_(1984_film)
The River|1984|False|0 (1)|"4
"|/wiki/The_River_(1984_film)
Terms of Endearment|1983|True|5|"11
"|/wiki/Terms_of_Endearment
The Right Stuff|1983|False|4|"8
"|/wiki/The_Right_Stuff_(film)
Fanny & Alexander|1983|False|4|"6
"|/wiki/Fanny_and_Alexander
Tender Mercies|1983|False|2|"5
"|/wiki/Tender_Mercies
Yentl|1983|False|1|"5
"|/wiki/Yentl_(film)
Flashdance|1983|False|1|"4
"|/wiki/Flashdance
Boys and Girls|1983|False|1|"1
"|/wiki/Boys_and_Girls_(1983_film)
Flamenco at 5:15|1983|False|1|"1
"|/wiki/Flamenco_at_5:15
He Makes Me Feel Like Dancin'|1983|False|1|"1
"|/wiki/He_Makes_Me_Feel_Like_Dancin%27
Sundae in New York|1983|False|1|"1
"|/wiki/Sundae_in_New_York
The Year of Living Dangerously|1983|False|1|"1
"|/wiki/The_Year_of_Living_Dangerously_(film)
Return of the Jedi|1983|False|0 (1)|"4
"|/wiki/Return_of_the_Jedi
Gandhi|1982|True|8|"11
"|/wiki/Gandhi_(film)
E.T.: The Extra-Terrestrial|1982|False|4|"9
"|/wiki/E.T._the_Extra-Terrestrial
An Officer and a Gentleman|1982|False|2|"6
"|/wiki/An_Officer_and_a_Gentleman
Tootsie|1982|False|1|"10
"|/wiki/Tootsie
Victor/Victoria|1982|False|1|"7
"|/wiki/Victor/Victoria
Sophie's Choice|1982|False|1|"5
"|/wiki/Sophie%27s_Choice_(film)
Missing|1982|False|1|"4
"|/wiki/Missing_(1982_film)
If You Love This Planet|1982|False|1|"1
"|/wiki/If_You_Love_This_Planet
Just Another Missing Kid|1982|False|1|1|/wiki/Just_Another_Missing_Kid
A Shocking Accident|1982|False|1|"1
"|/wiki/A_Shocking_Accident
Tango|1982|False|1|"1
"|/wiki/Tango_(1981_film)
To Begin Again|1982|False|1|"1
"|/wiki/Begin_the_Beguine_(film)
Quest for Fire|1982|False|1|"1
"|/wiki/Quest_for_Fire_(film)
Chariots of Fire|1981|True|4|"7
"|/wiki/Chariots_of_Fire
Raiders of the Lost Ark|1981|False|4 (1)|"8
"|/wiki/Raiders_of_the_Lost_Ark
Reds|1981|False|3|"12
"|/wiki/Reds_(film)
On Golden Pond|1981|False|3|"10
"|/wiki/On_Golden_Pond_(1981_film)
Arthur|1981|False|2|"4
"|/wiki/Arthur_(1981_film)
An American Werewolf in London|1981|False|1|"1
"|/wiki/An_American_Werewolf_in_London
Close Harmony|1981|False|1|"1
"|/wiki/Close_Harmony_(1981_film)
Crac|1981|False|1|"1
"|/wiki/Crac
Genocide|1981|False|1|"1
"|/wiki/Genocide_(1981_film)
Mephisto|1981|False|1|"1
"|/wiki/Mephisto_(1981_film)
Violet|1981|False|1|"1
"|/wiki/Violet_(1981_film)
Ordinary People|1980|True|4|"6
"|/wiki/Ordinary_People
Tess|1980|False|3|"6
"|/wiki/Tess_(1979_film)
Raging Bull|1980|False|2|"8
"|/wiki/Raging_Bull
Fame|1980|False|2|"6
"|/wiki/Fame_(1980_film)
Melvin and Howard|1980|False|2|"3
"|/wiki/Melvin_and_Howard
Coal Miner's Daughter|1980|False|1|"7
"|/wiki/Coal_Miner%27s_Daughter_(film)
The Empire Strikes Back|1980|False|1 (1)|"3
"|/wiki/The_Empire_Strikes_Back
The Dollar Bottom|1980|False|1|"1
"|/wiki/The_Dollar_Bottom
The Fly|1980|False|1|"1
"|/wiki/The_Fly_(1980_film)
From Mao to Mozart: Isaac Stern in China|1980|False|1|"1
"|/wiki/From_Mao_to_Mozart:_Isaac_Stern_in_China
Karl Hess: Toward Liberty|1980|False|1|"1
"|/wiki/Karl_Hess:_Toward_Liberty
Moscow Does Not Believe in Tears|1980|False|1|"1
"|/wiki/Moscow_Does_Not_Believe_in_Tears
Kramer vs. Kramer|1979|True|5|"9
"|/wiki/Kramer_vs._Kramer
All That Jazz|1979|False|4|"9
"|/wiki/All_That_Jazz_(film)
Apocalypse Now|1979|False|2|"8
"|/wiki/Apocalypse_Now
Norma Rae|1979|False|2|"4
"|/wiki/Norma_Rae
Breaking Away|1979|False|1|"5
"|/wiki/Breaking_Away
Alien|1979|False|1|"2
"|/wiki/Alien_(film)
Being There|1979|False|1|"2
"|/wiki/Being_There
A Little Romance|1979|False|1|"2
"|/wiki/A_Little_Romance
Best Boy|1979|False|1|"1
"|/wiki/Best_Boy_(film)
Board and Care|1979|False|1|"1
"|/wiki/Board_and_Care
Every Child|1979|False|1|"1
"|/wiki/Every_Child_(film)
Paul Robeson: Tribute to an Artist|1979|False|1|"1
"|/wiki/Paul_Robeson:_Tribute_to_an_Artist
The Tin Drum|1979|False|1|"1
"|/wiki/The_Tin_Drum_(film)
The Black Stallion|1979|False|0 (1)|"2
"|/wiki/The_Black_Stallion_(film)
The Deer Hunter|1978|True|5|"9
"|/wiki/The_Deer_Hunter
Coming Home|1978|False|3|"8
"|/wiki/Coming_Home_(1978_film)
Midnight Express|1978|False|2|"6
"|/wiki/Midnight_Express_(film)
Heaven Can Wait|1978|False|1|"9
"|/wiki/Heaven_Can_Wait_(1978_film)
Days of Heaven|1978|False|1|"4
"|/wiki/Days_of_Heaven
California Suite|1978|False|1|"3
"|/wiki/California_Suite_(film)
The Buddy Holly Story|1978|False|1|"3
"|/wiki/The_Buddy_Holly_Story
Death on the Nile|1978|False|1|"1
"|/wiki/Death_on_the_Nile_(1978_film)
The Flight of the Gossamer Condor|1978|False|1|"1
"|/wiki/The_Flight_of_the_Gossamer_Condor
Get Out Your Handkerchiefs|1978|False|1|"1
"|/wiki/Get_Out_Your_Handkerchiefs
Scared Straight!|1978|False|1|"1
"|/wiki/Scared_Straight!
Special Delivery|1978|False|1|"1
"|/wiki/Special_Delivery_(1978_film)
Teenage Father|1978|False|1|"1
"|/wiki/Teenage_Father
Thank God It's Friday|1978|False|1|"1
"|/wiki/Thank_God_It%27s_Friday_(film)
Superman|1978|False|0 (1)|"3
"|/wiki/Superman_(1978_film)
Annie Hall|1977|True|4|"5
"|/wiki/Annie_Hall
Star Wars|1977|False|6 (1)|"10
"|/wiki/Star_Wars_(film)
Julia|1977|False|3|"11
"|/wiki/Julia_(1977_film)
Close Encounters of the Third Kind|1977|False|1 (1)|"8
"|/wiki/Close_Encounters_of_the_Third_Kind
The Goodbye Girl|1977|False|1|"5
"|/wiki/The_Goodbye_Girl
A Little Night Music|1977|False|1|"2
"|/wiki/A_Little_Night_Music_(film)
Gravity Is My Enemy|1977|False|1|"1
"|/wiki/Gravity_Is_My_Enemy
I'll Find a Way|1977|False|1|"1
"|/wiki/I%27ll_Find_a_Way
Madame Rosa|1977|False|1|"1
"|/wiki/Madame_Rosa
The Sand Castle|1977|False|1|"1
"|/wiki/The_Sand_Castle_(film)
Who Are the DeBolts? And Where Did They Get Nineteen Kids?|1977|False|1|"1
"|/wiki/Who_Are_the_DeBolts%3F_And_Where_Did_They_Get_Nineteen_Kids%3F
You Light Up My Life|1977|False|1|"1
"|/wiki/You_Light_Up_My_Life_(film)
Rocky|1976|True|3|"10
"|/wiki/Rocky
Network|1976|False|4|"10
"|/wiki/Network_(1976_film)
All the President's Men|1976|False|4|"8
"|/wiki/All_the_President%27s_Men_(film)
Bound for Glory|1976|False|2|"6
"|/wiki/Bound_for_Glory_(1976_film)
A Star Is Born|1976|False|1|"4
"|/wiki/A_Star_Is_Born_(1976_film)
Fellini's Casanova|1976|False|1|"2
"|/wiki/Fellini%27s_Casanova
The Omen|1976|False|1|"2
"|/wiki/The_Omen
Black and White in Color|1976|False|1|"1
"|/wiki/Black_and_White_in_Color
Harlan County, USA|1976|False|1|"1
"|/wiki/Harlan_County,_USA
In the Region of Ice|1976|False|1|"1
"|/wiki/In_the_Region_of_Ice
Leisure|1976|False|1|"1
"|/wiki/Leisure_(film)
Number Our Days|1976|False|1|"1
"|/wiki/Number_Our_Days
King Kong|1976|False|0 (1)|"2
"|/wiki/King_Kong_(1976_film)
Logan's Run|1976|False|0 (1)|"2
"|/wiki/Logan%27s_Run_(film)
One Flew Over the Cuckoo's Nest|1975|True|5|"9
"|/wiki/One_Flew_Over_the_Cuckoo%27s_Nest_(film)
Barry Lyndon|1975|False|4|"7
"|/wiki/Barry_Lyndon
Jaws|1975|False|3|"4
"|/wiki/Jaws_(film)
Dog Day Afternoon|1975|False|1|"6
"|/wiki/Dog_Day_Afternoon
Nashville|1975|False|1|"5
"|/wiki/Nashville_(film)
Shampoo|1975|False|1|"4
"|/wiki/Shampoo_(film)
The Sunshine Boys|1975|False|1|"4
"|/wiki/The_Sunshine_Boys_(1975_film)
Angel and Big Joe|1975|False|1|"1
"|/wiki/Angel_and_Big_Joe
Dersu Uzala|1975|False|1|"1
"|/wiki/Dersu_Uzala_(1975_film)
The End of the Game|1975|False|1|"1
"|/wiki/The_End_of_the_Game_(1975_film)
Great|1975|False|1|"1
"|/wiki/Great_(1975_film)
The Man Who Skied Down Everest|1975|False|1|"1
"|/wiki/The_Man_Who_Skied_Down_Everest
The Hindenburg|1975|False|0 (2)|"3
"|/wiki/The_Hindenburg_(film)
The Godfather: Part II|1974|True|6|"11
"|/wiki/The_Godfather:_Part_II
The Towering Inferno|1974|False|3|"8
"|/wiki/The_Towering_Inferno
The Great Gatsby|1974|False|2|"2
"|/wiki/The_Great_Gatsby_(1974_film)
Chinatown|1974|False|1|"11
"|/wiki/Chinatown_(1974_film)
Murder on the Orient Express|1974|False|1|"6
"|/wiki/Murder_on_the_Orient_Express_(1974_film)
Earthquake|1974|False|1 (1)|"4
"|/wiki/Earthquake_(1974_film)
Alice Doesn't Live Here Anymore|1974|False|1|"3
"|/wiki/Alice_Doesn%27t_Live_Here_Anymore
Amarcord|1974|False|1|3|/wiki/Amarcord
Harry and Tonto|1974|False|1|"2
"|/wiki/Harry_and_Tonto
Closed Mondays|1974|False|1|"1
"|/wiki/Closed_Mondays
Don't|1974|False|1|"1
"|/wiki/Don%27t_(1974_film)
Hearts and Minds|1974|False|1|"1
"|/wiki/Hearts_and_Minds_(film)
One-Eyed Men Are Kings|1974|False|1|"1
"|/wiki/One-Eyed_Men_Are_Kings
The Sting|1973|True|7|"10
"|/wiki/The_Sting
The Exorcist|1973|False|2|"10
"|/wiki/The_Exorcist_(film)
The Way We Were|1973|False|2|"6
"|/wiki/The_Way_We_Were
Cries and Whispers|1973|False|1|"5
"|/wiki/Cries_and_Whispers
A Touch of Class|1973|False|1|"5
"|/wiki/A_Touch_of_Class_(film)
Day for Night|1973|False|1|"4
"|/wiki/Day_for_Night_(film)
Paper Moon|1973|False|1|"4
"|/wiki/Paper_Moon_(film)
The Paper Chase|1973|False|1|"3
"|/wiki/The_Paper_Chase_(film)
Save the Tiger|1973|False|1|"3
"|/wiki/Save_the_Tiger
The Bolero|1973|False|1|"1
"|/wiki/The_Bolero
Frank Film|1973|False|1|"1
"|/wiki/Frank_Film
The Great American Cowboy|1973|False|1|"1
"|/wiki/The_Great_American_Cowboy
Princeton: A Search for Answers|1973|False|1|"1
"|/wiki/Princeton:_A_Search_for_Answers
The Godfather|1972|True|3|10|/wiki/The_Godfather
Cabaret|1972|False|8|"10
"|/wiki/Cabaret_(1972_film)
The Poseidon Adventure|1972|False|1 (1)|"8
"|/wiki/The_Poseidon_Adventure_(1972_film)
Travels with My Aunt|1972|False|1|"4
"|/wiki/Travels_with_My_Aunt_(film)
Butterflies Are Free|1972|False|1|"3
"|/wiki/Butterflies_Are_Free
The Candidate|1972|False|1|"2
"|/wiki/The_Candidate_(1972_film)
The Discreet Charm of the Bourgeoisie|1972|False|1|"2
"|/wiki/The_Discreet_Charm_of_the_Bourgeoisie
A Christmas Carol|1972|False|1|1|/wiki/A_Christmas_Carol_(1971_film)
Limelight|1972|False|1|1|/wiki/Limelight_(1952_film)
Marjoe|1972|False|1|"1
"|/wiki/Marjoe
Norman Rockwell's World... An American Dream|1972|False|1|"1
"|/wiki/Norman_Rockwell%27s_World..._An_American_Dream
This Tiny World|1972|False|1|"1
"|/wiki/This_Tiny_World
The French Connection|1971|True|5|"8
"|/wiki/The_French_Connection_(film)
Fiddler on the Roof|1971|False|3|"8
"|/wiki/Fiddler_on_the_Roof_(film)
The Last Picture Show|1971|False|2|"8
"|/wiki/The_Last_Picture_Show
Nicholas and Alexandra|1971|False|2|"6
"|/wiki/Nicholas_and_Alexandra
Sentinels of Silence|1971|False|2|"2
"|/wiki/Sentinels_of_Silence
Bedknobs and Broomsticks|1971|False|1|"5
"|/wiki/Bedknobs_and_Broomsticks
Summer of '42|1971|False|1|"4
"|/wiki/Summer_of_%2742
The Garden of the Finzi-Continis|1971|False|1|"2
"|/wiki/The_Garden_of_the_Finzi-Continis_(film)
The Hospital|1971|False|1|"2
"|/wiki/The_Hospital
Klute|1971|False|1|"2
"|/wiki/Klute
Shaft|1971|False|1|"2
"|/wiki/Shaft_(1971_film)
The Crunch Bird|1971|False|1|"1
"|/wiki/The_Crunch_Bird
The Hellstrom Chronicle|1971|False|1|"1
"|/wiki/The_Hellstrom_Chronicle
Patton|1970|True|7|"10
"|/wiki/Patton_(film)
Ryan's Daughter|1970|False|2|"4
"|/wiki/Ryan%27s_Daughter
Airport|1970|False|1|"10
"|/wiki/Airport_(1970_film)
Love Story|1970|False|1|"7
"|/wiki/Love_Story_(1970_film)
M*A*S*H|1970|False|1|"5
"|/wiki/MASH_(film)
Tora! Tora! Tora!|1970|False|1|"5
"|/wiki/Tora!_Tora!_Tora!
Women in Love|1970|False|1|"4
"|/wiki/Women_in_Love_(film)
Lovers and Other Strangers|1970|False|1|"3
"|/wiki/Lovers_and_Other_Strangers
Woodstock|1970|False|1|"3
"|/wiki/Woodstock_(film)
Cromwell|1970|False|1|"2
"|/wiki/Cromwell_(film)
Investigation of a Citizen Above Suspicion|1970|False|1|"2
"|/wiki/Investigation_of_a_Citizen_Above_Suspicion
Interviews with My Lai Veterans|1970|False|1|"1
"|/wiki/Interviews_with_My_Lai_Veterans
Is It Always Right to Be Right?|1970|False|1|"1
"|/wiki/Is_It_Always_Right_to_Be_Right%3F
Let It Be|1970|False|1|"1
"|/wiki/Let_It_Be_(1970_film)
The Resurrection of Broncho Billy|1970|False|1|"1
"|/wiki/The_Resurrection_of_Broncho_Billy
Midnight Cowboy|1969|True|3|"7
"|/wiki/Midnight_Cowboy
Butch Cassidy and the Sundance Kid|1969|False|4|"7
"|/wiki/Butch_Cassidy_and_the_Sundance_Kid
Hello, Dolly!|1969|False|3|"7
"|/wiki/Hello,_Dolly!_(film)
Z|1969|False|2|"5
"|/wiki/Z_(1969_film)
Anne of the Thousand Days|1969|False|1|"10
"|/wiki/Anne_of_the_Thousand_Days
They Shoot Horses, Don't They?|1969|False|1|"9
"|/wiki/They_Shoot_Horses,_Don%27t_They%3F_(film)
Marooned|1969|False|1|"3
"|/wiki/Marooned_(1969_film)
The Magic Machines|1969|False|1|"2
"|/wiki/The_Magic_Machines
The Prime of Miss Jean Brodie|1969|False|1|"2
"|/wiki/The_Prime_of_Miss_Jean_Brodie_(film)
True Grit|1969|False|1|"2
"|/wiki/True_Grit_(1969_film)
Arthur Rubinstein – The Love of Life|1969|False|1|"1
"|/wiki/Arthur_Rubinstein_%E2%80%93_The_Love_of_Life
Cactus Flower|1969|False|1|"1
"|/wiki/Cactus_Flower_(film)
Czechoslovakia 1968|1969|False|1|"1
"|/wiki/Czechoslovakia_1968
It's Tough to Be a Bird|1969|False|1|"1
"|/wiki/It%27s_Tough_to_Be_a_Bird
Oliver!|1968|True|5 (1)|"11
"|/wiki/Oliver!_(film)
The Lion in Winter|1968|False|3|"7
"|/wiki/The_Lion_in_Winter_(1968_film)
Romeo and Juliet|1968|False|2|"4
"|/wiki/Romeo_and_Juliet_(1968_film)
Funny Girl|1968|False|1|"8
"|/wiki/Funny_Girl_(film)
2001: A Space Odyssey|1968|False|1|"4
"|/wiki/2001:_A_Space_Odyssey_(film)
Bullitt|1968|False|1|"2
"|/wiki/Bullitt
The Producers|1967|False|1|"2
"|/wiki/The_Producers_(1967_film)
Rosemary's Baby|1968|False|1|"2
"|/wiki/Rosemary%27s_Baby_(film)
The Subject Was Roses|1968|False|1|"2
"|/wiki/The_Subject_Was_Roses_(film)
The Thomas Crown Affair|1968|False|1|"2
"|/wiki/The_Thomas_Crown_Affair_(1968_film)
War and Peace|1968|False|1|"2
"|/wiki/War_and_Peace_(film_series)
Charly|1968|False|1|"1
"|/wiki/Charly
Journey into Self|1968|False|1|"1
"|/wiki/Journey_into_Self_(1968_film)
Robert Kennedy Remembered|1968|False|1|"1
"|/wiki/Robert_Kennedy_Remembered
Why Man Creates|1968|False|1|"1
"|/wiki/Why_Man_Creates
Winnie the Pooh and the Blustery Day|1968|False|1|"1
"|/wiki/Winnie_the_Pooh_and_the_Blustery_Day
Planet of the Apes|1968|False|0 (1)|"2
"|/wiki/Planet_of_the_Apes_(1968_film)
In the Heat of the Night|1967|True|5|"7
"|/wiki/In_the_Heat_of_the_Night_(film)
Camelot|1967|False|3|"5
"|/wiki/Camelot_(film)
Bonnie and Clyde|1967|False|2|"10
"|/wiki/Bonnie_and_Clyde_(film)
Guess Who's Coming to Dinner|1967|False|2|"10
"|/wiki/Guess_Who%27s_Coming_to_Dinner
Doctor Dolittle|1967|False|2|"9
"|/wiki/Doctor_Dolittle_(1967_film)
The Graduate|1967|False|1|"7
"|/wiki/The_Graduate
Thoroughly Modern Millie|1967|False|1|"7
"|/wiki/Thoroughly_Modern_Millie
Cool Hand Luke|1967|False|1|"4
"|/wiki/Cool_Hand_Luke
The Dirty Dozen|1967|False|1|"4
"|/wiki/The_Dirty_Dozen
A Place to Stand|1967|False|1|"2
"|/wiki/A_Place_to_Stand_(film)
The Anderson Platoon|1967|False|1|"1
"|/wiki/The_Anderson_Platoon
The Box|1967|False|1|"1
"|/wiki/The_Box_(1967_film)
Closely Watched Trains|1967|False|1|"1
"|/wiki/Closely_Watched_Trains
The Redwoods|1967|False|1|"1
"|/wiki/The_Redwoods
A Man for All Seasons|1966|True|6|"8
"|/wiki/A_Man_for_All_Seasons_(1966_film)
Who's Afraid of Virginia Woolf?|1966|False|5|"13
"|/wiki/Who%27s_Afraid_of_Virginia_Woolf%3F_(film)
Grand Prix|1966|False|3|"3
"|/wiki/Grand_Prix_(1966_film)
Fantastic Voyage|1966|False|2|"5
"|/wiki/Fantastic_Voyage
A Man and a Woman|1966|False|2|"4
"|/wiki/A_Man_and_a_Woman
Born Free|1966|False|2|"2
"|/wiki/Born_Free
The Fortune Cookie|1966|False|1|"4
"|/wiki/The_Fortune_Cookie
A Funny Thing Happened on the Way to the Forum|1966|False|1|"1
"|/wiki/A_Funny_Thing_Happened_on_the_Way_to_the_Forum_(film)
A Herb Alpert and the Tijuana Brass Double Feature|1966|False|1|"1
"|/wiki/A_Herb_Alpert_and_the_Tijuana_Brass_Double_Feature
The War Game|1966|False|1|"1
"|/wiki/The_War_Game
Wild Wings|1966|False|1|"1
"|/wiki/Wild_Wings
A Year Toward Tomorrow|1966|False|1|"1
"|/wiki/A_Year_Toward_Tomorrow
The Sound of Music|1965|True|5|"10
"|/wiki/The_Sound_of_Music_(film)
Doctor Zhivago|1965|False|5|"10
"|/wiki/Doctor_Zhivago_(film)
Darling|1965|False|3|"5
"|/wiki/Darling_(1965_film)
Ship of Fools|1965|False|2|"8
"|/wiki/Ship_of_Fools_(film)
Cat Ballou|1965|False|1|"5
"|/wiki/Cat_Ballou
The Great Race|1965|False|1|"5
"|/wiki/The_Great_Race
A Patch of Blue|1965|False|1|"5
"|/wiki/A_Patch_of_Blue
A Thousand Clowns|1965|False|1|"4
"|/wiki/A_Thousand_Clowns
The Shop on Main Street|1965|False|1|"2
"|/wiki/The_Shop_on_Main_Street
The Sandpiper|1965|False|1|"1
"|/wiki/The_Sandpiper
The Eleanor Roosevelt Story|1965|False|1|"1
"|/wiki/The_Eleanor_Roosevelt_Story
To Be Alive!|1965|False|1|"1
"|/wiki/To_Be_Alive!
7 Faces of Dr. Lao|1964|False|0 (1)|"1
"|/wiki/7_Faces_of_Dr._Lao
7th Heaven|1927|False|3|"5
"|/wiki/7th_Heaven_(1927_film)
20,000 Leagues Under the Sea|1954|False|2|"3
"|/wiki/20,000_Leagues_Under_the_Sea_(1954_film)
Adventures of Don Juan|1949|False|1|"2
"|/wiki/Adventures_of_Don_Juan
The Adventures of Robin Hood|1938|False|3|"4
"|/wiki/The_Adventures_of_Robin_Hood
The African Queen|1951|False|1|"4
"|/wiki/The_African_Queen_(film)
Air Force|1943|False|1|"4
"|/wiki/Air_Force_(film)
The Alamo|1960|False|1|"7
"|/wiki/The_Alamo_(1960_film)
The Alaskan Eskimo|1953|False|1|"1
"|/wiki/The_Alaskan_Eskimo
Albert Schweitzer|1957|False|1|"1
"|/wiki/Albert_Schweitzer_(film)
Alexander's Ragtime Band|1938|False|1|"6
"|/wiki/Alexander%27s_Ragtime_Band_(film)
All About Eve|1950|True|6|"14
"|/wiki/All_About_Eve
All Quiet on the Western Front|1929|True|2|"4
"|/wiki/All_Quiet_on_the_Western_Front_(1930_film)
All That Money Can Buy|1941|False|1|"2
"|/wiki/The_Devil_and_Daniel_Webster_(film)
All the King's Men|1949|True|3|"7
"|/wiki/All_the_King%27s_Men_(1949_film)
Ama Girls|1958|False|1|"1
"|/wiki/Ama_Girls
America America|1963|False|1|"4
"|/wiki/America_America
An American in Paris|1951|True|6|"8
"|/wiki/An_American_in_Paris_(film)
Amphibious Fighters|1943|False|1|"1
"|/wiki/Amphibious_Fighters
Anastasia|1956|False|1|"2
"|/wiki/Anastasia_(1956_film)
Anchors Aweigh|1945|False|1|"5
"|/wiki/Anchors_Aweigh_(film)
Anna and the King of Siam|1946|False|2|"5
"|/wiki/Anna_and_the_King_of_Siam_(film)
Annie Get Your Gun|1950|False|1|"4
"|/wiki/Annie_Get_Your_Gun_(film)
Anthony Adverse|1936|False|4|"7
"|/wiki/Anthony_Adverse
The Apartment|1960|True|5|"10
"|/wiki/The_Apartment
Aquatic House Party|1949|False|1|"1
"|/wiki/Aquatic_House_Party
Arise, My Love|1940|False|1|"4
"|/wiki/Arise,_My_Love
Around the World in 80 Days|1956|True|5|"8
"|/wiki/Around_the_World_in_80_Days_(1956_film)
The Awful Truth|1937|False|1|"6
"|/wiki/The_Awful_Truth
The Bachelor and the Bobby-Soxer|1947|False|1|"1
"|/wiki/The_Bachelor_and_the_Bobby-Soxer
The Bad and the Beautiful|1952|False|5|"6
"|/wiki/The_Bad_and_the_Beautiful
Bad Girl|1931|False|2|"3
"|/wiki/Bad_Girl_(1931_film)
The Barefoot Contessa|1954|False|1|"2
"|/wiki/The_Barefoot_Contessa
The Battle of Midway|1942|False|1|"1
"|/wiki/The_Battle_of_Midway_(film)
Battleground|1949|False|2|"6
"|/wiki/Battleground_(film)
Bear Country|1953|False|1|"1
"|/wiki/Bear_Country_(film)
Becket|1964|False|1|"12
"|/wiki/Becket_(1964_film)
The Bells of St. Mary's|1945|False|1|"8
"|/wiki/The_Bells_of_St._Mary%27s
Ben-Hur|1959|True|11|"12
"|/wiki/Ben-Hur_(1959_film)
Benjy|1951|False|1|"1
"|/wiki/Benjy_(film)
The Bespoke Overcoat|1956|False|1|"1
"|/wiki/The_Bespoke_Overcoat
The Best Years of Our Lives|1946|True|7 (1)|"8
"|/wiki/The_Best_Years_of_Our_Lives
Beyond the Line of Duty|1942|False|1|"1
"|/wiki/Beyond_the_Line_of_Duty
Bicycle Thieves|1949|False|0 (1)|"1
"|/wiki/Bicycle_Thieves
The Big Broadcast of 1938|1938|False|1|"1
"|/wiki/The_Big_Broadcast_of_1938
The Big Country|1958|False|1|"2
"|/wiki/The_Big_Country
The Big House|1929|False|2|"4
"|/wiki/The_Big_House_(1930_film)
Bill and Coo|1948|False|0 (1)|"0
"|/wiki/Bill_and_Coo
Birds Anonymous|1957|False|1|"1
"|/wiki/Birds_Anonymous
The Bishop's Wife|1947|False|1|"5
"|/wiki/The_Bishop%27s_Wife
Black Fox: The Rise and Fall of Adolf Hitler|1962|False|1|"1
"|/wiki/Black_Fox:_The_Rise_and_Fall_of_Adolf_Hitler
Black Narcissus|1947|False|2|"2
"|/wiki/Black_Narcissus
Black Orpheus|1959|False|1|"1
"|/wiki/Black_Orpheus
The Black Swan|1942|False|1|"3
"|/wiki/The_Black_Swan_(film)
Blithe Spirit|1946|False|1|"1
"|/wiki/Blithe_Spirit_(1945_film)
Blood and Sand|1941|False|1|"2
"|/wiki/Blood_and_Sand_(1941_film)
Blood on the Sun|1945|False|1|"1
"|/wiki/Blood_on_the_Sun
Blossoms in the Dust|1941|False|1|"4
"|/wiki/Blossoms_in_the_Dust
Body and Soul|1947|False|1|"3
"|/wiki/Body_and_Soul_(1947_film)
Bored of Education|1936|False|1|"1
"|/wiki/Bored_of_Education
Born Yesterday|1950|False|1|"5
"|/wiki/Born_Yesterday_(1950_film)
A Boy and His Dog|1946|False|1|"1
"|/wiki/A_Boy_and_His_Dog_(1946_film)
Boys Town|1938|False|2|"5
"|/wiki/Boys_Town_(film)
The Brave One|1956|False|1|"3
"|/wiki/The_Brave_One_(1956_film)
Breakfast at Tiffany's|1961|False|2|"5
"|/wiki/Breakfast_at_Tiffany%27s_(film)
Breaking the Sound Barrier|1952|False|1|"2
"|/wiki/The_Sound_Barrier
The Bridge of San Luis Rey|1928|False|1|"1
"|/wiki/The_Bridge_of_San_Luis_Rey_(1929_film)
The Bridge on the River Kwai|1957|True|7|"8
"|/wiki/The_Bridge_on_the_River_Kwai
The Bridges at Toko-Ri|1955|False|1|"2
"|/wiki/The_Bridges_at_Toko-Ri
Broadway Melody of 1936|1935|False|1|"3
"|/wiki/Broadway_Melody_of_1936
The Broadway Melody|1928|True|1|"3
"|/wiki/The_Broadway_Melody
Broken Lance|1954|False|1|"2
"|/wiki/Broken_Lance
Busy Little Bears|1939|False|1|"1
"|/wiki/Busy_Little_Bears
BUtterfield 8|1960|False|1|"2
"|/wiki/BUtterfield_8
Calamity Jane|1953|False|1|"3
"|/wiki/Calamity_Jane_(film)
Call Me Madam|1953|False|1|"2
"|/wiki/Call_Me_Madam_(film)
Captain Carey, U.S.A.|1950|False|1|"1
"|/wiki/Captain_Carey,_U.S.A.
Captains Courageous|1937|False|1|"4
"|/wiki/Captains_Courageous_(1937_film)
Casablanca|1943|True|3|"8
"|/wiki/Casablanca_(film)
Casals Conducts: 1964|1964|False|1|"1
"|/wiki/Casals_Conducts:_1964
The Cat Concerto|1946|False|1|"1
"|/wiki/The_Cat_Concerto
Cavalcade|1932|True|3|"4
"|/wiki/Cavalcade_(1933_film)
Chagall|1963|False|1|"1
"|/wiki/Chagall_(film)
The Champ|1931|False|2|"4
"|/wiki/The_Champ_(1931_film)
Champion|1949|False|1|"6
"|/wiki/Champion_(1949_film)
A Chance to Live|1949|False|1|"1
"|/wiki/A_Chance_to_Live
The Charge of the Light Brigade|1936|False|1|"3
"|/wiki/The_Charge_of_the_Light_Brigade_(1936_film)
The Chicken|1965|False|1|"1
"|/wiki/The_Chicken_(film)
Churchill's Island|1941|False|1|"1
"|/wiki/Churchill%27s_Island
Cimarron|1930|True|3|"7
"|/wiki/Cimarron_(1931_film)
The Circus|1927|False|0 (1)|"0
"|/wiki/The_Circus_(1928_film)
Citizen Kane|1941|False|1|"9
"|/wiki/Citizen_Kane
City of Wax|1934|False|1|"1
"|/wiki/City_of_Wax
Cleopatra|1934|False|1|"5
"|/wiki/Cleopatra_(1934_film)
Cleopatra|1963|False|4|"9
"|/wiki/Cleopatra_(1963_film)
Climbing the Matterhorn|1947|False|1|"1
"|/wiki/Climbing_the_Matterhorn
Come and Get It|1936|False|1|"2
"|/wiki/Come_and_Get_It_(1936_film)
Come Back, Little Sheba|1952|False|1|"3
"|/wiki/Come_Back,_Little_Sheba_(1952_film)
Coquette|1928|False|1|"1
"|/wiki/Coquette_(film)
The Country Cousin|1936|False|1|"1
"|/wiki/The_Country_Cousin
The Country Girl|1954|False|2|"7
"|/wiki/The_Country_Girl_(1954_film)
Cover Girl|1944|False|1|"5
"|/wiki/Cover_Girl_(film)
The Cowboy and the Lady|1938|False|1|"3
"|/wiki/The_Cowboy_and_the_Lady_(1938_film)
Crash Dive|1943|False|1|"1
"|/wiki/Crash_Dive
Crashing the Water Barrier|1956|False|1|"1
"|/wiki/Crashing_the_Water_Barrier
The Critic|1963|False|1|"1
"|/wiki/The_Critic_(film)
La Cucaracha|1934|False|1|"1
"|/wiki/La_Cucaracha_(1934_film)
Cyrano de Bergerac|1950|False|1|"1
"|/wiki/Cyrano_de_Bergerac_(1950_film)
A Damsel in Distress|1937|False|1|"2
"|/wiki/A_Damsel_in_Distress_(1937_film)
Dangerous|1935|False|1|"1
"|/wiki/Dangerous_(1935_film)
The Dark Angel|1935|False|1|"3
"|/wiki/The_Dark_Angel_(1935_film)
The Dawn Patrol|1930|False|1|"1
"|/wiki/The_Dawn_Patrol_(1930_film)
Day of the Painter|1960|False|1|"1
"|/wiki/Day_of_the_Painter
Daybreak in Udi|1949|False|1|"1
"|/wiki/Daybreak_in_Udi
Days of Wine and Roses|1962|False|1|"5
"|/wiki/Days_of_Wine_and_Roses_(film)
December 7th|1943|False|1|"1
"|/wiki/December_7th:_The_Movie
Declaration of Independence|1938|False|1|"1
"|/wiki/Declaration_of_Independence_(film)
The Defiant Ones|1958|False|2|"9
"|/wiki/The_Defiant_Ones
Der Fuehrer's Face|1942|False|1|"1
"|/wiki/Der_Fuehrer%27s_Face
Desert Victory|1943|False|1|"1
"|/wiki/Desert_Victory
Design for Death|1947|False|1|"1
"|/wiki/Design_for_Death
Designing Woman|1957|False|1|"1
"|/wiki/Designing_Woman
Destination Moon|1950|False|1|"2
"|/wiki/Destination_Moon_(film)
The Diary of Anne Frank|1959|False|3|"8
"|/wiki/The_Diary_of_Anne_Frank_(1959_film)
Disraeli|1929|False|1|"3
"|/wiki/Disraeli_(1929_film)
The Divine Lady|1928|False|1|"3
"|/wiki/The_Divine_Lady
Divorce Italian Style|1962|False|1|"3
"|/wiki/Divorce_Italian_Style
The Divorcee|1929|False|1|"4
"|/wiki/The_Divorcee
Dodsworth|1936|False|1|"7
"|/wiki/Dodsworth_(film)
The Dot and the Line|1965|False|1|"1
"|/wiki/The_Dot_and_the_Line
A Double Life|1947|False|2|"4
"|/wiki/A_Double_Life_(1947_film)
The Dove|1927|False|1|"1
"|/wiki/The_Dove_(1927_film)
Dr. Jekyll and Mr. Hyde|1931|False|1|"3
"|/wiki/Dr._Jekyll_and_Mr._Hyde_(1931_film)
Dumbo|1941|False|1|"2
"|/wiki/Dumbo
Dylan Thomas|1962|False|1|"1
"|/wiki/Dylan_Thomas_(film)
East of Eden|1955|False|1|"4
"|/wiki/East_of_Eden_(film)
Easter Parade|1948|False|1|"1
"|/wiki/Easter_Parade_(film)
Elmer Gantry|1960|False|3|"5
"|/wiki/Elmer_Gantry_(film)
The Enemy Below|1957|False|1|"1
"|/wiki/The_Enemy_Below
Eskimo|1934|False|1|"1
"|/wiki/Eskimo_(1933_film)
Exodus|1960|False|1|"3
"|/wiki/Exodus_(1960_film)
The Face of Lincoln|1955|False|1|"2
"|/wiki/The_Face_of_Lincoln
Facing Your Danger|1946|False|1|"1
"|/wiki/Facing_Your_Danger
The Facts of Life|1960|False|1|"5
"|/wiki/The_Facts_of_Life_(film)
Fantasia|1940|False|0 (2)|"0
"|/wiki/Fantasia_(1940_film)
A Farewell to Arms|1932|False|2|"4
"|/wiki/A_Farewell_to_Arms_(1932_film)
The Farmer's Daughter|1947|False|1|"2
"|/wiki/The_Farmer%27s_Daughter_(1947_film)
Father Goose|1964|False|1|"3
"|/wiki/Father_Goose_(film)
Federico Fellini's 8½|1963|False|2|"5
"|/wiki/8%C2%BD
Ferdinand the Bull|1938|False|1|"1
"|/wiki/Ferdinand_the_Bull_(film)
The Fighting Lady|1944|False|1|"1
"|/wiki/The_Fighting_Lady
First Steps|1947|False|1|"1
"|/wiki/First_Steps_(1947_film)
Flowers and Trees|1931|False|1|"1
"|/wiki/Flowers_and_Trees
Folies Bergere|1935|False|1|"1
"|/wiki/Folies_Berg%C3%A8re_de_Paris
For Scent-imental Reasons|1949|False|1|"1
"|/wiki/For_Scent-imental_Reasons
For Whom the Bell Tolls|1943|False|1|"9
"|/wiki/For_Whom_the_Bell_Tolls_(film)
Forbidden Games|1952|False|0 (1)|"1
"|/wiki/Forbidden_Games
A Force in Readiness||False|0 (1)|"0
"|None
A Free Soul|1930|False|1|"3
"|/wiki/A_Free_Soul
Frenchman's Creek|1945|False|1|"1
"|/wiki/Frenchman%27s_Creek_(film)
From Here to Eternity|1953|True|8|"13
"|/wiki/From_Here_to_Eternity
The Garden of Allah|1936|False|0 (1)|"2
"|/wiki/The_Garden_of_Allah_(1936_film)
Gaslight|1944|False|2|"7
"|/wiki/Gaslight_(1944_film)
Gate of Hell|1954|False|1 (1)|"1
"|/wiki/Gate_of_Hell_(film)
The Gay Divorcee|1934|False|1|"5
"|/wiki/The_Gay_Divorcee
Gentleman's Agreement|1947|True|3|"8
"|/wiki/Gentleman%27s_Agreement
Gerald McBoing-Boing|1950|False|1|"1
"|/wiki/Gerald_McBoing-Boing
Giant|1956|False|1|"10
"|/wiki/Giant_(1956_film)
Gigi|1958|True|9|"9
"|/wiki/Gigi_(1958_film)
Giuseppina|1960|False|1|"1
"|/wiki/Giuseppina
Give Me Liberty|1936|False|1|"1
"|/wiki/Give_Me_Liberty_(1936_film)
Glass|1959|False|1|"1
"|/wiki/Glass_(1958_film)
The Glenn Miller Story|1954|False|1|"3
"|/wiki/The_Glenn_Miller_Story
Going My Way|1944|True|7|"10
"|/wiki/Going_My_Way
Gold Diggers of 1935|1935|False|1|"2
"|/wiki/Gold_Diggers_of_1935
The Golden Fish|1959|False|1|"1
"|/wiki/The_Golden_Fish_(film)
Goldfinger|1964|False|1|"1
"|/wiki/Goldfinger_(film)
Gone with the Wind|1939|True|8 (2)|"13
"|/wiki/Gone_with_the_Wind_(film)
The Good Earth|1937|False|2|"5
"|/wiki/The_Good_Earth_(film)
Goodbye, Miss Turlock|1947|False|1|"1
"|/wiki/Goodbye,_Miss_Turlock
Goodbye, Mr. Chips|1939|False|1|"7
"|/wiki/Goodbye,_Mr._Chips_(1939_film)
Grand Canyon|1958|False|1|"1
"|/wiki/Grand_Canyon_(1958_film)
Grand Hotel|1931|True|1|"1
"|/wiki/Grand_Hotel_(1932_film)
Grandad of Races|1950|False|1|"1
"|/wiki/Grandad_of_Races
The Grapes of Wrath|1940|False|2|"7
"|/wiki/The_Grapes_of_Wrath_(film)
The Great Caruso|1951|False|1|"3
"|/wiki/The_Great_Caruso
Great Expectations|1947|False|2|"5
"|/wiki/Great_Expectations_(1946_film)
The Great Lie|1941|False|1|"1
"|/wiki/The_Great_Lie
The Great McGinty|1940|False|1|"1
"|/wiki/The_Great_McGinty
The Great Waltz|1938|False|1|"3
"|/wiki/The_Great_Waltz_(1938_film)
The Great Ziegfeld|1936|True|3|"7
"|/wiki/The_Great_Ziegfeld
The Greatest Show on Earth|1952|True|2|"5
"|/wiki/The_Greatest_Show_on_Earth_(film)
Green Dolphin Street|1947|False|1|"4
"|/wiki/Green_Dolphin_Street_(film)
The Guns of Navarone|1961|False|1|"7
"|/wiki/The_Guns_of_Navarone_(film)
Hamlet|1948|True|4|"7
"|/wiki/Hamlet_(1948_film)
Happy Anniversary|1962|False|1|"1
"|/wiki/Heureux_Anniversaire
Harvey|1950|False|1|"2
"|/wiki/Harvey_(1950_film)
The Harvey Girls|1946|False|1|"2
"|/wiki/The_Harvey_Girls
Heavenly Music|1943|False|1|"1
"|/wiki/Heavenly_Music
The Heiress|1949|False|4|"8
"|/wiki/The_Heiress
Helen Keller in Her Story|1955|False|1|"1
"|/wiki/Helen_Keller_in_Her_Story
Hello, Frisco, Hello|1943|False|1|"2
"|/wiki/Hello,_Frisco,_Hello
Henry V|1946|False|0 (1)|"4
"|/wiki/Henry_V_(1944_film)
Here Comes Mr. Jordan|1941|False|2|"7
"|/wiki/Here_Comes_Mr._Jordan
Here Comes the Groom|1951|False|1|"2
"|/wiki/Here_Comes_the_Groom
The High and the Mighty|1954|False|1|"6
"|/wiki/The_High_and_the_Mighty_(film)
High Noon|1952|False|4|"7
"|/wiki/High_Noon
Hitler Lives|1945|False|1|"1
"|/wiki/Hitler_Lives
A Hole in the Head|1959|False|1|"1
"|/wiki/A_Hole_in_the_Head
The Hole|1962|False|1|"1
"|/wiki/The_Hole_(1962_film)
Holiday Inn|1942|False|1|"3
"|/wiki/Holiday_Inn_(film)
The Horse with the Flying Tail|1960|False|1|"1
"|/wiki/The_Horse_with_the_Flying_Tail
The House I Live In|1945|False|0 (1)|"0
"|/wiki/The_House_I_Live_In_(1945_film)
The House on 92nd Street|1945|False|1|"1
"|/wiki/The_House_on_92nd_Street
How Green Was My Valley|1941|True|5|"10
"|/wiki/How_Green_Was_My_Valley_(film)
How the West Was Won|1963|False|3|"8
"|/wiki/How_the_West_Was_Won_(film)
How to Sleep|1935|False|1|"1
"|/wiki/How_to_Sleep
Hud|1963|False|3|"7
"|/wiki/Hud_(1963_film)
The Human Comedy|1943|False|1|"5
"|/wiki/The_Human_Comedy_(film)
The Hurricane|1937|False|1|"3
"|/wiki/The_Hurricane_(1937_film)
The Hustler|1961|False|2|"9
"|/wiki/The_Hustler_(film)
I Want to Live!|1958|False|1|"6
"|/wiki/I_Want_to_Live!
I Wanted Wings|1941|False|1|"1
"|/wiki/I_Wanted_Wings
I Won't Play|1944|False|1|"1
"|/wiki/I_Won%27t_Play
I'll Cry Tomorrow|1955|False|1|"4
"|/wiki/I%27ll_Cry_Tomorrow
In Beaver Valley|1950|False|1|"1
"|/wiki/In_Beaver_Valley
In Old Arizona|1928|False|1|"5
"|/wiki/In_Old_Arizona
In Old Chicago|1937|False|2|"6
"|/wiki/In_Old_Chicago
In Which We Serve|1942|False|0 (1)|"2
"|/wiki/In_Which_We_Serve
The Informer|1935|False|4|"6
"|/wiki/The_Informer_(1935_film)
Interrupted Melody|1955|False|1|"3
"|/wiki/Interrupted_Melody
The Invaders|1942|False|1|"3
"|/wiki/49th_Parallel_(film)
Irma la Douce|1963|False|1|"3
"|/wiki/Irma_la_Douce
It Happened One Night|1934|True|5|"5
"|/wiki/It_Happened_One_Night
It's a Mad, Mad, Mad, Mad World|1963|False|1|"6
"|/wiki/It%27s_a_Mad,_Mad,_Mad,_Mad_World
The Jazz Singer|1927|False|0 (1)|"1
"|/wiki/The_Jazz_Singer
Jezebel|1938|False|2|"5
"|/wiki/Jezebel_(1938_film)
Joan of Arc|1948|False|2 (1)|"7
"|/wiki/Joan_of_Arc_(1948_film)
Johann Mouse|1952|False|1|"1
"|/wiki/Johann_Mouse
Johnny Belinda|1948|False|1|"12
"|/wiki/Johnny_Belinda_(1948_film)
Johnny Eager|1942|False|1|"1
"|/wiki/Johnny_Eager
The Joker Is Wild|1957|False|1|"1
"|/wiki/The_Joker_Is_Wild
The Jolson Story|1946|False|2|"6
"|/wiki/The_Jolson_Story
Judgment at Nuremberg|1961|False|2|"11
"|/wiki/Judgment_at_Nuremberg
Julius Caesar|1953|False|1|"5
"|/wiki/Julius_Caesar_(1953_film)
Kentucky|1938|False|1|"1
"|/wiki/Kentucky_(film)
Key Largo|1948|False|1|"1
"|/wiki/Key_Largo_(film)
The King and I|1956|False|5|"9
"|/wiki/The_King_and_I_(1956_film)
King of Jazz|1929|False|1|"1
"|/wiki/King_of_Jazz
King Solomon's Mines|1950|False|2|"3
"|/wiki/King_Solomon%27s_Mines_(1950_film)
Kitty Foyle|1940|False|1|"5
"|/wiki/Kitty_Foyle_(film)
Knighty Knight Bugs|1958|False|1|"1
"|/wiki/Knighty_Knight_Bugs
Kokoda Front Line!|1942|False|1|"1
"|/wiki/Kokoda_Front_Line!
Kon-Tiki|1950|False|1|"1
"|/wiki/Kon-Tiki_(1950_film)
Krakatoa|1932|False|1|"1
"|/wiki/Krakatoa_(film)
Kukan|1941|False|0 (1)|"0
"|/wiki/Kukan
La Strada|1956|False|1|"2
"|/wiki/La_Strada
La Dolce Vita|1961|False|1|"4
"|/wiki/La_Dolce_Vita
Lady Be Good|1941|False|1|"1
"|/wiki/Lady_Be_Good_(1941_film)
The Last Command|1927|False|1|"2
"|/wiki/The_Last_Command_(1928_film)
Laura|1944|False|1|"5
"|/wiki/Laura_(1944_film)
The Lavender Hill Mob|1952|False|1|"2
"|/wiki/The_Lavender_Hill_Mob
Lawrence of Arabia|1962|True|7|"10
"|/wiki/Lawrence_of_Arabia_(film)
Leave Her to Heaven|1945|False|1|"4
"|/wiki/Leave_Her_to_Heaven
Lend a Paw|1941|False|1|"1
"|/wiki/Lend_a_Paw
Les Girls|1957|False|1|"3
"|/wiki/Les_Girls
A Letter to Three Wives|1949|False|2|"3
"|/wiki/A_Letter_to_Three_Wives
The Life of Emile Zola|1937|True|3|"10
"|/wiki/The_Life_of_Emile_Zola
Light in the Window|1952|False|1|"1
"|/wiki/Light_in_the_Window
Lili|1953|False|1|"6
"|/wiki/Lili
Lilies of the Field|1963|False|1|"5
"|/wiki/Lilies_of_the_Field_(1963_film)
The Little Kidnappers|1954|False|0 (2)|"0
"|/wiki/The_Kidnappers
The Little Orphan|1948|False|1|"1
"|/wiki/The_Little_Orphan
Little Women|1932|False|1|"3
"|/wiki/Little_Women_(1933_film)
Little Women|1949|False|1|"2
"|/wiki/Little_Women_(1949_film)
The Lives of a Bengal Lancer|1935|False|1|"7
"|/wiki/The_Lives_of_a_Bengal_Lancer_(film)
The Living Desert|1953|False|1|"1
"|/wiki/The_Living_Desert
The Longest Day|1962|False|2|"5
"|/wiki/The_Longest_Day_(film)
Lost Horizon|1937|False|2|"7
"|/wiki/Lost_Horizon_(1937_film)
The Lost Weekend|1945|True|4|"7
"|/wiki/The_Lost_Weekend_(film)
Love Is a Many-Splendored Thing|1955|False|3|"8
"|/wiki/Love_Is_a_Many-Splendored_Thing_(film)
Love Me or Leave Me|1955|False|1|"6
"|/wiki/Love_Me_or_Leave_Me_(film)
Lust for Life|1956|False|1|"4
"|/wiki/Lust_for_Life_(1956_film)
Magoo's Puddle Jumper|1956|False|1|"1
"|/wiki/Magoo%27s_Puddle_Jumper
Main Street on the March!|1941|False|1|"1
"|/wiki/Main_Street_on_the_March!
The Man Who Knew Too Much|1956|False|1|"1
"|/wiki/The_Man_Who_Knew_Too_Much_(1956_film)
Manhattan Melodrama|1934|False|1|"1
"|/wiki/Manhattan_Melodrama
Marie-Louise|1945|False|1|"1
"|/wiki/Marie-Louise_(film)
Marty|1955|True|4|"8
"|/wiki/Marty_(film)
Mary Poppins|1964|False|5|"13
"|/wiki/Mary_Poppins_(film)
Men Against the Arctic|1955|False|1|"1
"|/wiki/Men_Against_the_Arctic
The Merry Widow|1934|False|1|"1
"|/wiki/The_Merry_Widow_(1934_film)
A Midsummer Night's Dream|1935|False|2|4|/wiki/A_Midsummer_Night%27s_Dream_(1935_film)
Mighty Joe Young|1949|False|1|"1
"|/wiki/Mighty_Joe_Young_(1949_film)
Mildred Pierce|1945|False|1|"6
"|/wiki/Mildred_Pierce_(film)
The Milky Way|1940|False|1|"1
"|/wiki/The_Milky_Way_(1940_film)
Min and Bill|1930|False|1|"1
"|/wiki/Min_and_Bill
Miracle on 34th Street|1947|False|3|"4
"|/wiki/Miracle_on_34th_Street
The Miracle Worker|1962|False|2|"5
"|/wiki/The_Miracle_Worker_(1962_film)
Mister Roberts|1955|False|1|"3
"|/wiki/Mister_Roberts_(1955_film)
Monsieur Vincent|1948|False|0 (1)|"0
"|/wiki/Monsieur_Vincent
Moonbird|1959|False|1|"1
"|/wiki/Moonbird
The More the Merrier|1943|False|1|"6
"|/wiki/The_More_the_Merrier
Morning Glory|1932|False|1|"1
"|/wiki/Morning_Glory_(1933_film)
Moscow Strikes Back|1942|False|1|"1
"|/wiki/Moscow_Strikes_Back
Mother Wore Tights|1947|False|1|"3
"|/wiki/Mother_Wore_Tights
Moulin Rouge|1952|False|2|"7
"|/wiki/Moulin_Rouge_(1952_film)
Mouse Trouble|1944|False|1|"1
"|/wiki/Mouse_Trouble
Mr. Deeds Goes to Town|1936|False|1|"5
"|/wiki/Mr._Deeds_Goes_to_Town
Mr. Smith Goes to Washington|1939|False|1|"11
"|/wiki/Mr._Smith_Goes_to_Washington
Mrs. Miniver|1942|True|6|"12
"|/wiki/Mrs._Miniver
Munro|1960|False|1|"1
"|/wiki/Munro_(film)
The Music Box|1931|False|1|"1
"|/wiki/The_Music_Box
The Music Man|1962|False|1|"6
"|/wiki/The_Music_Man_(1962_film)
Mutiny on the Bounty|1935|True|1|"8
"|/wiki/Mutiny_on_the_Bounty_(1935_film)
My Fair Lady|1964|True|8|"12
"|/wiki/My_Fair_Lady_(film)
My Uncle|1958|False|1|"1
"|/wiki/Mon_Oncle
My Gal Sal|1942|False|1|"2
"|/wiki/My_Gal_Sal
The Naked City|1948|False|2|"3
"|/wiki/The_Naked_City
National Velvet|1945|False|2|"5
"|/wiki/National_Velvet_(film)
Nature's Half Acre|1951|False|1|"1
"|/wiki/Nature%27s_Half_Acre
Naughty Marietta|1935|False|1|"2
"|/wiki/Naughty_Marietta_(film)
Neighbours|1952|False|1|"2
"|/wiki/Neighbours_(1952_film)
Neptune's Daughter|1949|False|1|"1
"|/wiki/Neptune%27s_Daughter_(1949_film)
Never on Sunday|1960|False|1|"5
"|/wiki/Never_on_Sunday
The Night of the Iguana|1964|False|1|"4
"|/wiki/The_Night_of_the_Iguana_(film)
Nights of Cabiria|1957|False|1|"1
"|/wiki/Nights_of_Cabiria
Nine from Little Rock|1964|False|1|"1
"|/wiki/Nine_from_Little_Rock
None But the Lonely Heart|1944|False|1|"4
"|/wiki/None_but_the_Lonely_Heart_(film)
North West Mounted Police|1940|False|1|"5
"|/wiki/North_West_Mounted_Police_(film)
Now, Voyager|1942|False|1|"3
"|/wiki/Now,_Voyager
An Occurrence at Owl Creek Bridge|1963|False|1|1|/wiki/An_Occurrence_at_Owl_Creek_Bridge_(film)
Of Pups and Puzzles|1941|False|1|"1
"|/wiki/Of_Pups_and_Puzzles
Oklahoma!|1955|False|2|"4
"|/wiki/Oklahoma!_(1955_film)
The Old Man and the Sea|1958|False|1|"3
"|/wiki/The_Old_Man_and_the_Sea_(1958_film)
The Old Mill|1937|False|1|"1
"|/wiki/The_Old_Mill
On the Town|1949|False|1|"1
"|/wiki/On_the_Town_(film)
On the Waterfront|1954|True|8|"12
"|/wiki/On_the_Waterfront
One Hundred Men and a Girl|1937|False|1|"5
"|/wiki/One_Hundred_Men_and_a_Girl
One Night of Love|1934|False|2|"6
"|/wiki/One_Night_of_Love
One Way Passage|1932|False|1|"1
"|/wiki/One_Way_Passage
Overture to The Merry Wives of Windsor|1953|False|1|"1
"|/wiki/Overture_to_The_Merry_Wives_of_Windsor
The Paleface|1948|False|1|"1
"|/wiki/The_Paleface_(1948_film)
Panic in the Streets|1950|False|1|"1
"|/wiki/Panic_in_the_Streets_(film)
Papa's Delicate Condition|1963|False|1|"1
"|/wiki/Papa%27s_Delicate_Condition
The Patriot|1928|False|1|"5
"|/wiki/The_Patriot_(1928_film)
Penny Wisdom|1937|False|1|"1
"|/wiki/Penny_Wisdom
Phantom of the Opera|1943|False|2|"4
"|/wiki/Phantom_of_the_Opera_(1943_film)
The Philadelphia Story|1940|False|2|"6
"|/wiki/The_Philadelphia_Story_(film)
Picnic|1955|False|2|"6
"|/wiki/Picnic_(1955_film)
The Picture of Dorian Gray|1945|False|1|"3
"|/wiki/The_Picture_of_Dorian_Gray_(1945_film)
Pillow Talk|1959|False|1|"5
"|/wiki/Pillow_Talk_(film)
The Pink Phink|1964|False|1|"1
"|/wiki/The_Pink_Phink
Pinocchio|1940|False|2|"2
"|/wiki/Pinocchio_(1940_film)
A Place in the Sun|1951|False|6|"9
"|/wiki/A_Place_in_the_Sun_(1951_film)
Plymouth Adventure|1952|False|1|"1
"|/wiki/Plymouth_Adventure
Pollyanna|1960|False|0 (1)|"0
"|/wiki/Pollyanna_(1960_film)
Porgy and Bess|1959|False|1|"4
"|/wiki/Porgy_and_Bess_(film)
Portrait of Jennie|1948|False|1|"2
"|/wiki/Portrait_of_Jennie
Prelude to War|1942|False|1|"1
"|/wiki/Prelude_to_War
Pride and Prejudice|1940|False|1|"1
"|/wiki/Pride_and_Prejudice_(1940_film)
The Pride of the Yankees|1942|False|1|"11
"|/wiki/The_Pride_of_the_Yankees
Princess O'Rourke|1943|False|1|"1
"|/wiki/Princess_O%27Rourke
The Private Life of Henry VIII|1932|False|1|"2
"|/wiki/The_Private_Life_of_Henry_VIII
The Private Life of the Gannets|1937|False|1|"1
"|/wiki/The_Private_Life_of_the_Gannets
Project Hope|1961|False|1|"1
"|/wiki/Project_Hope_(film)
The Public Pays|1936|False|1|"1
"|/wiki/The_Public_Pays
Pygmalion|1938|False|1|"4
"|/wiki/Pygmalion_(1938_film)
Quicker'n a Wink|1940|False|1|"1
"|/wiki/Quicker%27n_a_Wink
The Quiet Man|1952|False|2|"7
"|/wiki/The_Quiet_Man
Quiet Please!|1945|False|1|"1
"|/wiki/Quiet_Please!
The Rains Came|1939|False|1|6|/wiki/The_Rains_Came
Rashomon|1951|False|0 (1)|"1
"|/wiki/Rashomon
The Razor's Edge|1946|False|1|"4
"|/wiki/The_Razor%27s_Edge_(1946_film)
Reap the Wild Wind|1942|False|1|"3
"|/wiki/Reap_the_Wild_Wind
Rebecca|1940|True|2|"11
"|/wiki/Rebecca_(1940_film)
The Red Balloon|1956|False|1|"1
"|/wiki/The_Red_Balloon
The Red Shoes|1948|False|2|"5
"|/wiki/The_Red_Shoes_(1948_film)
The Robe|1953|False|2|"5
"|/wiki/The_Robe_(film)
Robert Frost: A Lover's Quarrel with the World|1963|False|1|"1
"|/wiki/Robert_Frost:_A_Lover%27s_Quarrel_with_the_World
Roman Holiday|1953|False|3|"10
"|/wiki/Roman_Holiday
Room at the Top|1959|False|2|"6
"|/wiki/Room_at_the_Top_(1959_film)
The Rose Tattoo|1955|False|3|"8
"|/wiki/The_Rose_Tattoo_(film)
Sabrina|1954|False|1|"6
"|/wiki/Sabrina_(1954_film)
Samson and Delilah|1950|False|2|"5
"|/wiki/Samson_and_Delilah_(1949_film)
Samurai I: Musashi Miyamoto|1955|False|0 (1)|"0
"|/wiki/Samurai_I:_Musashi_Miyamoto
San Francisco|1936|False|1|"6
"|/wiki/San_Francisco_(1936_film)
Sayonara|1957|False|4|"10
"|/wiki/Sayonara
The Scoundrel|1935|False|1|"1
"|/wiki/The_Scoundrel_(1935_film)
The Sea Around Us|1952|False|1|"1
"|/wiki/The_Sea_Around_Us_(film)
Seal Island|1948|False|1|"1
"|/wiki/Seal_Island_(film)
The Search|1948|False|1 (1)|"4
"|/wiki/The_Search
Seawards the Great Ships|1961|False|1|"1
"|/wiki/Seawards_the_Great_Ships
The Secret Land|1948|False|1|"1
"|/wiki/The_Secret_Land
Seeds of Destiny|1946|False|1|"1
"|/wiki/Seeds_of_Destiny
Separate Tables|1958|False|2|"7
"|/wiki/Separate_Tables_(film)
Serengeti Shall Not Die|1959|False|1|"1
"|/wiki/Serengeti_Shall_Not_Die
Sergeant York|1941|False|2|"11
"|/wiki/Sergeant_York_(film)
Seven Brides for Seven Brothers|1954|False|1|"5
"|/wiki/Seven_Brides_for_Seven_Brothers
Seven Days to Noon|1951|False|1|"1
"|/wiki/Seven_Days_to_Noon
The Seventh Veil|1946|False|1|"1
"|/wiki/The_Seventh_Veil
Shane|1953|False|1|"6
"|/wiki/Shane_(film)
Shanghai Express|1931|False|1|"3
"|/wiki/Shanghai_Express_(film)
She Wore a Yellow Ribbon|1949|False|1|"1
"|/wiki/She_Wore_a_Yellow_Ribbon
Shoeshine|1947|False|0 (1)|"1
"|/wiki/Shoeshine_(film)
The Silent World|1956|False|1|"1
"|/wiki/The_Silent_World
The Sin of Madelon Claudet|1931|False|1|"1
"|/wiki/The_Sin_of_Madelon_Claudet
Since You Went Away|1944|False|1|"9
"|/wiki/Since_You_Went_Away
Skippy|1930|False|1|"4
"|/wiki/Skippy_(film)
Sky Above and Mud Beneath|1961|False|1|"1
"|/wiki/Sky_Above_and_Mud_Beneath
The Snake Pit|1948|False|1|"6
"|/wiki/The_Snake_Pit
Snow White and the Seven Dwarfs|1937|False|0 (1)|"1
"|/wiki/Snow_White_and_the_Seven_Dwarfs_(1937_film)
So Much for So Little|1949|False|1|"1
"|/wiki/So_Much_for_So_Little
So This Is Harris!|1932|False|1|"1
"|/wiki/So_This_Is_Harris!
The Solid Gold Cadillac|1956|False|1|"2
"|/wiki/The_Solid_Gold_Cadillac
Some Like It Hot|1959|False|1|"6
"|/wiki/Some_Like_It_Hot
Somebody Up There Likes Me|1956|False|2|"3
"|/wiki/Somebody_Up_There_Likes_Me_(1956_film)
The Song of Bernadette|1943|False|4|"12
"|/wiki/The_Song_of_Bernadette_(film)
Song of the South|1947|False|1 (1)|"2
"|/wiki/Song_of_the_South
Song Without End|1960|False|1|"1
"|/wiki/Song_Without_End
Sons and Lovers|1960|False|1|"7
"|/wiki/Sons_and_Lovers_(film)
Sons of Liberty|1939|False|1|"1
"|/wiki/Sons_of_Liberty_(film)
South Pacific|1958|False|1|"3
"|/wiki/South_Pacific_(1958_film)
Spartacus|1960|False|4|"6
"|/wiki/Spartacus_(film)
Spawn of the North|1938|False|0 (1)|"0
"|/wiki/Spawn_of_the_North
Speaking of Animals and Their Families|1942|False|1|"1
"|/wiki/Speaking_of_Animals_and_Their_Families
Speedy Gonzales|1955|False|1|"1
"|/wiki/Speedy_Gonzales_(film)
Spellbound|1945|False|1|"6
"|/wiki/Spellbound_(1945_film)
Splendor in the Grass|1961|False|1|"2
"|/wiki/Splendor_in_the_Grass
Stagecoach|1939|False|2|"7
"|/wiki/Stagecoach_(1939_film)
Stairway to Light|1945|False|1|"1
"|/wiki/Stairway_to_Light
Stalag 17|1953|False|1|"3
"|/wiki/Stalag_17
Star in the Night|1945|False|1|"1
"|/wiki/Star_in_the_Night
A Star Is Born|1937|False|1 (1)|"7
"|/wiki/A_Star_Is_Born_(1937_film)
State Fair|1945|False|1|"2
"|/wiki/State_Fair_(1945_film)
The Story of Louis Pasteur|1936|False|3|"4
"|/wiki/The_Story_of_Louis_Pasteur
The Stratton Story|1949|False|1|"1
"|/wiki/The_Stratton_Story
Street Angel|1927|False|1|"3
"|/wiki/Street_Angel_(1928_film)
A Streetcar Named Desire|1951|False|4|"12
"|/wiki/A_Streetcar_Named_Desire_(1951_film)
Strike Up the Band|1940|False|1|"3
"|/wiki/Strike_Up_the_Band_(film)
The Substitute|1961|False|1|"1
"|/wiki/Surogat
Sundays and Cybele|1962|False|1|"3
"|/wiki/Sundays_and_Cybele
Sunrise|1927|False|3|4|/wiki/Sunrise:_A_Song_of_Two_Humans
Sunset Boulevard|1950|False|3|"11
"|/wiki/Sunset_Boulevard_(film)
Survival City|1955|False|1|"1
"|/wiki/Survival_City
Suspicion|1941|False|1|"3
"|/wiki/Suspicion_(1941_film)
Sweet Bird of Youth|1962|False|1|"3
"|/wiki/Sweet_Bird_of_Youth_(1962_film)
Sweethearts|1938|False|0 (1)|"2
"|/wiki/Sweethearts_(1938_film)
Swing Time|1936|False|1|"2
"|/wiki/Swing_Time_(film)
Symphony of a City|1948|False|1|"1
"|/wiki/Symphony_of_a_City
Tabu|1930|False|1|"1
"|/wiki/Tabu:_A_Story_of_the_South_Seas
Target for Tonight|1941|False|0 (1)|"0
"|/wiki/Target_for_Tonight
Teddy, the Rough Rider|1940|False|1|"1
"|/wiki/Teddy,_the_Rough_Rider
Tempest|1927|False|1|"1
"|/wiki/Tempest_(1928_film)
The Ten Commandments|1956|False|1|"7
"|/wiki/The_Ten_Commandments_(1956_film)
That Hamilton Woman|1941|False|1|"4
"|/wiki/That_Hamilton_Woman
That Mothers Might Live|1938|False|1|"1
"|/wiki/That_Mothers_Might_Live
The Thief of Bagdad|1940|False|3|"4
"|/wiki/The_Thief_of_Bagdad_(1940_film)
The Third Man|1950|False|1|"3
"|/wiki/The_Third_Man
Thirty Seconds Over Tokyo|1944|False|1|"2
"|/wiki/Thirty_Seconds_Over_Tokyo
This Above All|1942|False|1|"4
"|/wiki/This_Above_All_(film)
This Is the Army|1943|False|1|"3
"|/wiki/This_Is_the_Army
This Land Is Mine|1943|False|1|"1
"|/wiki/This_Land_Is_Mine_(film)
This Mechanical Age|1954|False|1|"1
"|/wiki/This_Mechanical_Age
Three Coins in the Fountain|1954|False|2|"3
"|/wiki/Three_Coins_in_the_Fountain_(film)
The Three Faces of Eve|1957|False|1|"1
"|/wiki/The_Three_Faces_of_Eve
Three Little Pigs|1932|False|1|"1
"|/wiki/Three_Little_Pigs_(film)
Three Orphan Kittens|1935|False|1|"1
"|/wiki/Three_Orphan_Kittens
Through a Glass Darkly|1961|False|1|"2
"|/wiki/Through_a_Glass_Darkly_(film)
Thunderball|1965|False|1|"1
"|/wiki/Thunderball_(film)
Thursday's Children|1954|False|1|"1
"|/wiki/Thursday%27s_Children
The Time Machine|1960|False|1|"1
"|/wiki/The_Time_Machine_(1960_film)
A Time Out of War|1954|False|1|"1
"|/wiki/A_Time_Out_of_War
Tin Pan Alley|1940|False|1|"1
"|/wiki/Tin_Pan_Alley_(film)
The Titan: Story of Michelangelo|1950|False|1|"1
"|/wiki/The_Titan:_Story_of_Michelangelo
Titanic|1953|False|1|"2
"|/wiki/Titanic_(1953_film)
To Catch a Thief|1955|False|1|"3
"|/wiki/To_Catch_a_Thief
To Each His Own|1946|False|1|"2
"|/wiki/To_Each_His_Own_(1946_film)
To Kill a Mockingbird|1962|False|3|"8
"|/wiki/To_Kill_a_Mockingbird_(film)
Tom Jones|1963|True|4|"10
"|/wiki/Tom_Jones_(1963_film)
tom thumb|1958|False|1|"1
"|/wiki/Tom_Thumb_(film)
Toot, Whistle, Plunk and Boom|1953|False|1|"1
"|/wiki/Toot,_Whistle,_Plunk_and_Boom
Topkapi|1964|False|1|"1
"|/wiki/Topkapi_(film)
The Tortoise and the Hare|1934|False|1|"1
"|/wiki/The_Tortoise_and_the_Hare_(film)
Torture Money|1937|False|1|"1
"|/wiki/Torture_Money
Toward Independence|1948|False|1|"1
"|/wiki/Toward_Independence
Transatlantic|1931|False|1|"1
"|/wiki/Transatlantic_(1931_film)
The Treasure of the Sierra Madre|1948|False|3|"4
"|/wiki/The_Treasure_of_the_Sierra_Madre_(film)
A Tree Grows in Brooklyn|1945|False|1|"2
"|/wiki/A_Tree_Grows_in_Brooklyn_(1945_film)
The True Glory|1945|False|1|"1
"|/wiki/The_True_Glory
The True Story of the Civil War|1956|False|1|"1
"|/wiki/The_True_Story_of_the_Civil_War
Tweetie Pie|1947|False|1|"1
"|/wiki/Tweetie_Pie
Twelve O'Clock High|1949|False|2|"4
"|/wiki/Twelve_O%27Clock_High
Two Arabian Knights|1927|False|1|"1
"|/wiki/Two_Arabian_Knights
The Two Mouseketeers|1951|False|1|"1
"|/wiki/The_Two_Mouseketeers
Two Women|1961|False|1|"1
"|/wiki/Two_Women
The Ugly Duckling|1939|False|1|"1
"|/wiki/The_Ugly_Duckling_(1939_film)
Underworld|1927|False|1|"1
"|/wiki/Underworld_(1927_film)
The V.I.P.s|1963|False|1|"1
"|/wiki/The_V.I.P.s_(film)
Vacation from Marriage|1946|False|1|"1
"|/wiki/Perfect_Strangers_(1945_film)
Van Gogh|1949|False|1|"1
"|/wiki/Van_Gogh_(1948_film)
The Vanishing Prairie|1954|False|1|"1
"|/wiki/The_Vanishing_Prairie
The Virgin Spring|1960|False|1|"2
"|/wiki/The_Virgin_Spring
Viva Villa!|1934|False|1|"4
"|/wiki/Viva_Villa!
Viva Zapata!|1952|False|1|"5
"|/wiki/Viva_Zapata!
Waikiki Wedding|1937|False|1|"2
"|/wiki/Waikiki_Wedding
The Walls of Malapaga|1950|False|0 (1)|"0
"|/wiki/The_Walls_of_Malapaga
The War of the Worlds|1953|False|1|"3
"|/wiki/The_War_of_the_Worlds_(1953_film)
Watch on the Rhine|1943|False|1|"4
"|/wiki/Watch_on_the_Rhine
Water Birds|1952|False|1|"1
"|/wiki/Water_Birds
The Way of All Flesh|1927|False|1|"1
"|/wiki/The_Way_of_All_Flesh_(1927_film)
West Side Story|1961|True|10|"11
"|/wiki/West_Side_Story_(1961_film)
The Westerner|1940|False|1|"3
"|/wiki/The_Westerner_(1940_film)
The Wetback Hound|1957|False|1|"1
"|/wiki/The_Wetback_Hound
What Ever Happened to Baby Jane?|1962|False|1|"5
"|/wiki/What_Ever_Happened_to_Baby_Jane%3F_(1962_film)
When Tomorrow Comes|1939|False|1|"1
"|/wiki/When_Tomorrow_Comes_(film)
When Magoo Flew|1954|False|1|"1
"|/wiki/When_Magoo_Flew
When Worlds Collide|1951|False|1|"2
"|/wiki/When_Worlds_Collide_(1951_film)
White Shadows in the South Seas|1928|False|1|"1
"|/wiki/White_Shadows_in_the_South_Seas
White Wilderness|1958|False|1|"2
"|/wiki/White_Wilderness_(film)
Who's Who in Animal Land|1944|False|1|"1
"|/wiki/Who%27s_Who_in_Animal_Land
Why Korea?|1950|False|1|"1
"|/wiki/Why_Korea%3F
Wilson|1944|False|5|"10
"|/wiki/Wilson_(1944_film)
Wings|1927|True|2|"2
"|/wiki/Wings_(1927_film)
Wings Over Everest|1935|False|1|"1
"|/wiki/Wings_Over_Everest
With a Song in My Heart|1952|False|1|"5
"|/wiki/With_a_Song_in_My_Heart_(film)
With Byrd at the South Pole|1929|False|1|"1
"|/wiki/With_Byrd_at_the_South_Pole
With the Marines at Tarawa|1944|False|1|"1
"|/wiki/With_the_Marines_at_Tarawa
The Wizard of Oz|1939|False|2|6|/wiki/The_Wizard_of_Oz_(1939_film)
Woman of the Year|1942|False|1|"2
"|/wiki/Woman_of_the_Year
Wonder Man|1945|False|1|"4
"|/wiki/Wonder_Man_(film)
The Wonderful World of the Brothers Grimm|1962|False|1|"4
"|/wiki/The_Wonderful_World_of_the_Brothers_Grimm
World of Kids|1951|False|1|"1
"|/wiki/World_of_Kids
World Without Sun|1964|False|1|"1
"|/wiki/World_Without_Sun
Wrestling Swordfish|1931|False|1|"1
"|/wiki/Wrestling_Swordfish
Written on the Wind|1956|False|1|"3
"|/wiki/Written_on_the_Wind
Wuthering Heights|1939|False|1|"8
"|/wiki/Wuthering_Heights_(1939_film)
Yankee Doodle Dandy|1942|False|3|"8
"|/wiki/Yankee_Doodle_Dandy
The Yankee Doodle Mouse|1943|False|1|"1
"|/wiki/The_Yankee_Doodle_Mouse
The Yearling|1946|False|2|"7
"|/wiki/The_Yearling_(1946_film)
Yesterday, Today and Tomorrow|1964|False|1|"1
"|/wiki/Yesterday,_Today_and_Tomorrow
You Can't Take It with You|1938|True|2|"7
"|/wiki/You_Can%27t_Take_It_with_You_(film)
Zorba the Greek|1964|False|3|"7
"|/wiki/Zorba_the_Greek_(film)
